dataset_index,true,predicted
5588,3,3
6430,1,1
4185,7,7
8182,8,2
9101,8,8
3660,0,0
4930,1,1
1612,3,3
6481,0,2
2647,1,1
1121,3,3
5157,6,6
2830,6,6
2462,1,1
2563,2,2
7112,2,0
3123,8,8
9783,2,2
7744,4,9
2641,4,4
6819,2,0
1597,3,3
1359,9,9
5212,5,3
9266,8,8
7777,6,6
5810,5,5
5214,1,1
9077,2,2
3228,3,3
8802,6,6
942,7,7
469,8,8
8979,5,5
5708,2,5
9563,1,7
3447,4,4
6038,4,4
7146,0,9
8930,3,3
9112,4,4
7728,1,0
8828,0,2
8301,5,4
6236,1,1
65,2,2
158,5,5
2855,3,3
1625,3,1
827,6,6
51,8,8
9527,6,3
7211,3,9
9190,3,7
8299,3,6
6321,8,8
3195,5,5
7974,6,6
3019,5,5
5189,0,0
4277,3,3
3479,3,3
2160,0,0
5745,5,5
8154,8,8
6179,8,8
3191,0,4
7206,2,2
9589,5,5
6623,0,0
8140,5,5
3895,1,1
7186,2,7
5150,4,4
4507,5,5
4664,7,7
9355,6,4
6196,3,1
751,2,0
3126,9,9
6910,7,7
1099,2,2
3068,2,0
7280,1,9
2527,8,8
9540,5,5
2909,0,0
6993,5,3
904,8,0
3625,8,8
4340,0,0
2123,2,2
3088,6,6
785,0,0
3734,7,5
8196,3,9
3278,0,0
4181,0,0
5445,7,7
1669,6,4
2252,3,3
8595,1,1
2768,5,5
6334,0,2
6715,2,2
5804,0,9
2637,6,4
7973,1,1
9632,2,2
8486,4,7
7290,6,6
6577,1,9
3215,1,9
1745,5,5
3167,2,0
3083,5,3
5471,6,6
99,7,2
6487,6,6
7278,5,3
5225,0,0
8854,4,8
6725,8,8
7075,9,9
3700,3,3
8148,9,9
2196,8,8
2712,1,1
8420,3,3
3848,8,8
3630,8,8
2561,6,6
607,3,5
1802,2,2
5265,2,2
1784,1,1
788,6,2
7929,0,0
4796,9,9
3165,1,1
2284,8,0
6524,8,8
9884,9,1
5245,1,1
3874,6,6
8466,7,7
3358,9,9
215,0,0
1316,5,5
4903,2,4
6888,4,4
7188,4,7
8496,0,0
7472,1,1
269,0,2
3639,7,7
3619,1,1
7061,4,4
6230,2,2
6940,1,1
4378,1,1
4683,4,4
6110,9,9
5794,7,1
5067,9,1
48,7,7
5730,5,9
6714,1,1
4244,2,5
5451,6,6
7015,3,5
8055,2,2
7432,7,7
4232,5,5
1560,7,7
6887,4,9
3791,2,5
8577,3,6
6649,9,9
6018,5,5
7370,3,8
7661,9,1
9511,4,4
894,1,1
2184,9,9
7338,5,5
6212,7,0
3692,4,4
6660,0,0
4233,9,9
7885,3,3
4837,7,7
3835,3,6
5006,7,0
87,7,0
5472,1,1
8281,3,5
7866,6,6
8479,4,7
1931,6,6
4874,9,9
8441,8,8
2861,5,5
4952,9,9
131,1,1
9378,9,9
1523,4,4
2524,3,7
6749,9,9
1207,4,8
3550,0,7
4385,8,8
3349,6,2
6120,5,5
8002,6,6
259,9,9
7341,4,4
6615,7,7
2826,4,4
1066,9,1
3516,9,9
6125,8,1
7439,5,8
7735,4,0
5991,3,3
4661,4,3
6375,3,3
6914,8,0
336,3,3
1489,6,2
1335,1,1
6049,8,8
3731,6,6
1383,8,8
4304,6,2
89,9,9
8517,1,1
6187,0,1
4561,3,3
9135,7,7
4867,9,9
3522,2,2
1191,1,9
7693,7,7
8485,0,0
6276,7,7
3162,1,1
740,2,5
2579,8,8
7604,1,1
5795,7,7
4080,1,1
8280,4,3
2099,1,1
1831,9,1
7154,0,0
6160,2,2
783,6,6
1756,2,3
9639,2,2
371,7,7
1804,5,1
3445,0,0
3515,8,8
2941,8,8
8971,6,6
1952,4,4
8732,8,1
5116,6,6
1414,1,1
7172,4,6
2251,6,3
8804,6,2
7224,3,1
5968,0,0
4953,0,0
7355,7,7
4036,7,0
2580,6,5
6047,0,0
8968,8,8
7832,8,8
4634,7,5
2548,0,0
3677,4,3
6642,9,7
2109,0,0
6856,6,5
6776,8,8
114,1,1
8208,8,3
6226,5,5
3478,4,4
4915,5,5
5360,9,9
2274,1,1
2500,4,4
8669,4,7
5674,9,0
5156,5,3
9908,8,8
6493,1,1
1983,8,7
7342,7,5
585,9,0
6142,5,5
6990,3,3
8587,7,7
4750,7,1
4397,8,2
2487,5,5
5748,8,8
8753,4,7
9516,9,9
8074,7,7
2146,2,2
1142,8,8
8476,0,6
9249,9,9
2943,1,1
2239,7,7
1394,6,5
7377,3,3
4773,1,1
7733,0,0
1108,2,2
7507,7,5
9817,9,9
7301,6,6
1553,4,4
335,9,1
7393,5,3
509,4,4
2924,1,1
6917,6,6
1932,0,3
6581,1,9
3176,7,7
6340,3,3
249,2,1
1371,1,1
8953,9,9
2192,0,2
1197,0,0
5147,3,5
4522,2,2
8165,1,9
8426,9,9
8687,6,6
7870,6,6
1891,8,8
8759,7,7
6890,5,3
9280,9,1
6591,5,3
931,2,2
6534,7,7
1057,7,7
6670,3,7
1615,7,3
8720,2,0
5969,5,5
2645,1,1
7751,7,7
3001,1,1
5363,7,7
845,3,2
293,9,1
2808,2,3
9044,2,2
6966,0,0
5340,3,4
4805,5,3
5572,1,9
1570,4,7
6341,2,0
1848,3,3
9095,5,5
3815,2,2
1901,5,5
4017,5,5
5011,3,7
3032,2,9
5416,9,9
6178,5,7
4590,9,2
4567,4,4
9613,4,4
8359,2,2
1432,9,9
8994,8,8
5197,8,8
3002,7,7
6847,8,8
1730,4,8
5970,1,1
3371,2,5
8622,4,4
9543,2,2
1857,5,5
8729,5,5
7627,3,5
8172,5,3
523,7,7
4866,9,9
9742,9,0
5464,7,7
7409,8,8
3824,2,2
8255,9,9
539,0,1
8051,9,9
1332,1,1
5885,4,4
4293,9,9
3442,6,6
6690,5,5
9565,0,0
5552,5,3
487,9,9
3387,3,3
9618,1,1
2530,6,2
1476,7,7
7090,2,4
5906,4,4
3611,1,1
79,8,8
9163,4,6
2135,8,8
7392,8,8
4757,4,7
5335,9,1
9522,3,5
7058,9,9
8766,5,5
6405,1,9
7413,1,1
6108,4,2
9070,2,0
7764,6,3
761,6,5
4605,3,6
1252,5,5
3554,1,9
5447,5,5
440,1,1
74,0,0
5496,4,6
7473,1,1
5045,7,9
6778,2,2
7268,3,7
49,6,4
1912,0,0
4819,5,5
9298,1,1
1728,0,4
366,1,1
5239,4,0
3739,7,7
3832,7,7
4553,3,3
3916,9,9
5766,8,0
3336,0,9
4934,5,5
5530,3,1
1054,1,1
4099,4,3
9627,4,2
2015,4,4
1852,2,1
9838,5,5
1562,6,6
410,7,7
5133,2,2
3474,2,2
6459,6,6
5257,8,8
3762,1,1
3605,6,4
6391,9,9
3237,9,9
91,3,5
4442,3,1
711,8,0
3198,6,6
9460,3,3
4984,7,3
5710,6,6
3210,9,9
2401,3,8
4187,0,0
4511,6,6
9351,1,1
1465,9,1
1390,6,6
6137,2,3
7978,4,4
4792,0,0
4641,5,5
3727,9,9
687,6,3
8962,5,3
8895,0,0
9879,7,7
594,1,1
8400,0,0
1023,0,0
7299,6,6
5859,2,2
7806,9,9
6865,3,4
8379,8,8
8938,1,1
2364,6,6
6753,4,6
8609,6,6
9781,3,5
5826,7,7
2881,7,7
4439,9,9
5415,4,4
4864,3,3
6977,7,7
6926,7,5
9369,5,8
816,9,9
9122,9,9
7242,7,3
3501,9,1
6112,8,1
5645,5,3
673,3,3
2730,6,6
9797,1,1
4564,4,4
7703,7,7
1741,4,3
7611,7,6
2202,9,9
377,7,7
9814,8,8
3427,6,5
755,2,4
2075,4,7
5163,5,3
9170,0,9
4310,4,4
4066,6,2
3582,6,6
9233,8,8
411,9,0
6440,3,0
7729,9,9
8481,3,3
1042,5,7
5736,9,9
9264,5,5
6027,3,3
7789,3,5
7181,6,1
4483,2,2
5105,7,7
2781,7,7
7045,3,3
2420,8,1
7455,1,9
9153,2,2
949,8,1
1273,6,6
4084,7,7
1589,6,6
2979,0,8
4938,3,9
144,8,8
9432,1,1
4569,9,9
3932,6,6
2822,3,5
9976,5,5
1963,2,0
286,1,1
9496,1,1
7817,6,6
5573,9,3
9983,0,0
7292,5,3
6727,6,6
9764,2,2
2928,1,1
8741,1,0
7612,7,7
5222,5,3
1628,4,2
4980,1,9
3591,6,1
5938,9,9
1879,0,0
3899,6,2
1950,5,7
1186,4,4
9862,3,9
5188,8,8
2664,4,4
8686,9,9
8988,2,2
3948,1,1
3548,0,0
739,3,5
6335,2,2
1738,5,5
5603,5,7
2683,5,5
3919,7,7
6517,7,7
2478,6,6
8883,8,1
922,9,9
8270,6,6
9772,0,8
3686,8,8
9912,0,0
4515,0,0
9458,7,7
8066,9,1
4416,4,2
4292,1,1
5439,1,1
7953,1,1
5274,2,2
7291,3,3
7965,7,7
789,8,8
1639,9,9
9604,8,8
2028,7,0
7071,1,1
8984,6,6
1277,2,2
3483,0,0
3711,6,4
4659,4,7
811,3,3
4538,7,5
2448,2,2
2765,9,9
7742,0,0
1342,7,7
7938,2,2
6349,0,2
1686,0,0
3314,9,9
2050,8,8
6681,9,9
8346,6,3
7642,9,9
5550,5,5
9400,6,6
7882,7,7
5288,4,4
1572,6,3
1878,7,7
6372,1,1
735,4,2
3705,8,8
7009,6,3
5532,3,3
4882,6,6
5675,7,7
7770,9,9
5889,6,2
2587,0,0
958,7,7
7466,6,6
8811,1,9
6452,4,2
1463,0,0
1080,6,6
8045,5,5
3268,5,5
5643,5,5
475,7,7
9309,5,3
2936,5,5
8101,8,8
9692,9,9
3247,3,3
9402,6,6
2451,8,8
439,1,9
4330,9,9
4261,9,9
7679,6,6
8133,8,8
3219,0,6
9348,5,5
8961,0,0
412,3,5
1850,1,2
6558,6,3
8677,3,5
7598,3,5
1539,2,2
7281,7,7
7429,5,5
5258,2,2
2088,7,7
871,1,1
1352,2,2
3049,3,3
1858,4,2
5557,4,3
2470,7,7
1213,8,0
7047,8,8
3271,5,5
1979,3,6
5099,2,5
2344,0,0
1533,4,7
5752,3,9
3754,0,0
7306,4,9
7424,9,9
8296,5,3
7982,9,9
8058,4,7
3679,0,0
9370,8,1
8244,4,4
1455,6,1
6383,3,2
719,9,9
1231,9,9
6461,4,3
940,9,9
8793,7,7
8309,4,4
1128,4,4
1124,3,4
6985,0,8
7357,6,6
5966,9,9
3174,2,3
5095,8,8
178,5,3
4025,1,1
8722,7,3
132,8,8
5479,2,4
8980,9,9
637,3,2
3466,5,5
7305,6,6
1115,1,1
5170,9,9
4588,9,9
5271,5,5
7267,5,5
4347,8,8
2990,4,4
5899,1,1
7056,2,3
6919,4,4
7599,8,8
7722,7,2
9982,2,3
9735,6,6
6880,2,7
5915,5,3
678,0,5
5931,4,4
4971,9,9
9479,7,7
2880,4,4
8463,1,7
2559,7,7
310,8,8
4677,4,4
2872,1,1
2512,2,2
8482,1,1
6271,6,6
7772,3,3
8266,5,3
9559,1,9
1897,8,8
6423,5,4
3346,4,0
8509,6,6
1889,9,9
2735,2,2
5709,2,5
9788,1,1
7581,9,9
5500,8,8
5852,3,6
6986,5,3
2734,7,7
2410,3,3
2582,5,5
832,2,2
3747,9,1
2699,4,4
4724,5,3
7800,0,0
8868,4,7
8885,3,3
4737,9,9
8419,7,2
1842,4,7
973,1,1
5898,8,6
3050,0,0
194,7,7
1070,3,3
5114,7,7
2029,3,6
6974,9,9
6037,5,5
2191,4,6
6384,7,4
7356,0,0
7065,2,7
3225,9,9
2748,1,1
4555,5,9
4957,4,4
6418,0,0
8117,8,8
1106,9,9
8697,5,5
6034,9,9
2166,0,2
197,8,5
5374,0,8
8453,9,9
3765,0,0
2475,6,6
5165,2,2
2278,9,9
3909,5,3
6435,9,9
4366,2,6
8216,3,5
6695,4,4
9655,8,8
5381,3,3
5974,9,9
8345,9,9
4922,0,1
8894,0,0
6683,5,5
1675,5,7
6002,2,2
9927,9,8
3997,2,4
5328,0,0
1423,4,4
3216,4,7
3096,7,9
6115,8,8
2726,5,3
5108,1,1
4829,5,5
1881,9,9
3008,8,8
1361,9,9
1692,9,9
851,9,9
3941,6,6
9353,5,5
8272,9,9
5900,4,2
3720,2,2
2249,0,0
8253,2,0
5925,3,5
4384,6,4
7353,8,8
8326,3,5
9743,9,1
6547,6,6
5551,7,2
7872,9,9
7153,7,7
7447,8,0
6275,9,9
1532,8,8
2248,0,8
7536,8,9
9584,3,3
2651,5,0
6834,1,1
8302,3,6
7450,1,1
887,1,1
2417,7,7
1021,1,1
2354,8,8
5579,9,9
6783,3,6
3101,7,7
214,8,0
2402,9,9
9550,6,6
753,1,1
3972,7,7
768,5,5
928,0,0
6567,4,4
1774,5,5
415,9,9
8191,6,4
1606,3,6
4190,3,3
8562,2,6
3646,3,3
1180,3,3
7919,6,2
9942,7,7
9510,1,1
5383,8,8
8132,8,8
822,0,0
7651,4,4
374,2,2
3770,9,9
1133,4,4
4046,7,7
3556,6,6
3856,9,9
7650,2,2
2553,8,8
8391,1,1
8436,5,5
4312,5,5
6850,6,6
9041,5,5
695,3,9
1887,3,5
172,9,1
6490,8,0
2164,1,1
9143,9,9
8942,6,6
16,5,5
1681,5,4
9745,3,3
578,7,7
7576,8,8
7085,5,3
9845,9,9
6509,9,9
7889,1,1
1074,3,3
4912,1,1
9491,8,0
9442,4,7
9310,3,3
2986,1,8
8188,7,7
1782,3,3
8134,6,6
517,9,1
2007,8,8
5407,4,7
9009,2,2
3849,5,2
1216,8,1
108,8,8
8769,0,0
2014,8,8
117,4,4
3130,3,3
3070,0,0
6415,1,1
4406,5,5
6761,5,7
493,1,1
9470,9,9
7459,8,8
7294,5,7
4676,7,7
9567,7,4
1995,2,0
4215,1,1
945,3,3
5110,8,8
3094,2,2
8727,9,0
5469,5,3
3587,0,0
449,2,2
860,4,4
628,4,7
8298,3,5
6151,7,3
8448,4,3
267,4,4
2960,9,9
6540,8,8
2590,5,3
7037,7,5
2753,7,7
8402,0,0
1220,9,9
5269,5,5
3908,2,2
1810,1,1
4701,0,0
5882,1,1
4890,1,1
7567,7,7
9231,7,5
6392,6,3
9115,8,8
9451,8,8
1726,0,0
4824,0,0
3512,4,4
9852,0,0
4291,6,3
2460,9,9
6470,1,1
9366,2,8
3064,1,1
5401,2,0
569,2,2
3340,6,6
9548,2,3
4206,1,1
7311,1,9
5058,1,1
3612,1,1
4732,2,6
799,2,4
9578,3,5
9791,9,2
797,4,7
5995,0,0
4256,8,8
31,5,5
855,7,2
4647,1,1
8623,1,1
7922,8,8
592,2,2
1649,5,2
7680,3,5
4198,8,0
7951,2,2
1426,7,7
3860,7,7
927,6,5
2011,2,4
9545,9,9
8902,6,6
4545,3,4
6437,0,0
854,0,0
5732,3,3
6533,2,9
5760,2,2
2464,2,2
7163,6,6
7516,1,1
6803,6,6
6599,2,6
6871,9,1
4136,2,2
5010,7,7
2358,7,5
373,4,7
3440,2,3
634,7,7
4891,6,6
3480,2,2
3417,7,7
2362,3,4
4335,9,0
9487,1,1
9607,7,7
5711,6,6
6189,2,0
496,0,0
5039,6,6
8508,1,9
2997,2,5
9591,1,1
6984,1,1
7966,7,7
6921,6,6
4921,5,2
4418,9,9
1733,3,3
5098,5,7
9684,7,7
7656,1,1
1181,3,6
604,1,1
3503,4,4
8921,8,8
9641,6,3
7707,8,8
6424,8,0
3492,9,9
1613,8,1
5559,3,5
489,0,0
9008,0,0
4149,9,9
717,8,9
7176,8,8
532,9,1
3370,1,1
4033,6,6
9818,0,0
3473,2,2
2859,1,9
5345,4,4
9918,5,5
9765,4,4
7555,1,1
1709,2,2
7269,7,7
4946,4,6
1480,1,1
1120,5,2
8805,9,9
6202,3,2
2218,4,4
3922,2,9
9620,4,7
4183,7,7
2885,5,5
253,9,9
6322,4,7
2737,8,1
9820,0,1
7783,3,5
9445,9,7
8108,5,5
2091,0,1
3637,2,6
4885,2,2
7486,1,9
9237,7,2
3283,7,3
9503,2,6
8922,9,9
702,4,3
895,1,1
7557,5,7
8265,0,0
7029,4,7
2010,7,5
7906,2,4
8737,7,7
2578,8,8
965,6,2
515,3,3
5127,1,1
165,4,7
1477,7,7
1779,3,3
3450,9,1
2446,9,9
4482,6,5
6817,1,1
962,1,1
1653,9,1
8209,2,4
2992,4,9
6572,4,4
8427,2,2
2517,9,9
7082,2,0
8748,6,4
846,2,2
1013,1,1
7381,4,4
4822,1,1
7781,5,3
5134,5,3
1474,3,5
9473,0,0
522,0,0
326,7,7
1937,1,9
8912,4,7
9752,7,7
9468,7,7
4713,1,1
6168,3,5
6460,3,3
9686,2,2
9247,9,9
3764,1,1
627,4,4
8670,9,9
7583,1,1
4484,4,4
4960,4,4
7790,8,0
1162,7,7
7811,0,0
2405,3,6
2886,6,6
6324,7,7
3010,6,6
8608,8,8
3961,8,8
7478,7,7
6058,1,1
5167,2,2
3453,2,2
2106,5,5
6579,9,9
3031,7,3
8932,6,2
7069,0,0
4589,3,3
9603,2,4
9418,8,1
2937,3,3
3970,9,9
4199,8,8
8311,8,8
7621,8,8
9940,4,7
4598,1,1
2291,5,5
8166,2,5
9029,4,0
5767,7,7
6489,8,8
4527,3,5
8636,6,4
4278,1,1
8259,8,8
7327,4,4
176,3,5
4804,3,3
3041,4,4
4919,8,8
4821,4,5
6523,6,4
5034,8,0
5282,4,4
4584,4,4
3672,0,0
2565,3,3
2294,1,1
2501,4,4
9929,8,8
231,1,9
4850,1,1
6053,4,2
2373,0,0
7580,8,8
4375,3,3
981,9,1
5226,1,1
2107,3,3
5799,1,1
6732,3,5
4823,5,8
3291,5,5
9329,7,7
1107,7,9
7854,3,3
171,9,0
6174,3,5
2006,7,7
3035,3,3
4586,0,2
5502,6,6
8048,0,0
8567,8,8
2621,8,8
699,5,5
6380,3,7
4506,1,1
6484,8,8
2153,8,8
4423,6,2
7406,7,6
7506,4,4
4622,2,2
2925,4,7
4060,6,3
3353,3,3
8293,0,5
2835,4,5
4386,6,2
3985,7,7
2528,9,1
2340,7,7
8440,5,3
4554,4,7
8246,8,8
6934,6,6
4409,8,8
3896,7,2
6881,2,2
8651,4,5
6231,8,9
6799,0,0
101,5,4
9362,9,9
2174,9,8
743,7,7
4050,3,2
8523,6,6
3304,2,2
155,5,5
3080,1,1
7631,1,1
5564,6,6
2227,8,8
595,4,4
3014,6,4
9178,1,1
2589,0,4
6537,5,8
1349,8,8
1168,3,2
9341,2,3
6043,5,5
3974,8,8
4694,7,5
5791,8,9
2193,2,0
1456,2,4
7135,4,4
9404,3,5
6861,8,8
5399,6,8
6793,3,3
7666,2,7
7867,4,4
9246,3,6
8444,5,5
3504,9,9
679,5,3
7298,4,2
9980,0,0
4727,9,9
5673,5,5
3106,8,8
7606,6,6
1540,8,8
1234,1,1
4967,7,7
1421,6,6
4040,0,8
7695,8,8
2964,0,8
9252,7,4
250,5,5
5129,2,6
8789,5,5
8069,4,4
7333,6,6
6412,8,0
9697,8,8
9307,7,7
3887,2,3
7155,9,9
4884,4,5
3980,9,9
2276,0,0
358,8,1
1087,6,6
3716,3,6
4722,6,3
4897,1,1
4076,7,7
6726,3,3
6947,8,8
1475,9,9
2623,4,8
869,1,1
4,6,6
7815,0,1
4532,1,1
2550,4,3
1974,6,6
5229,5,5
284,0,9
6586,6,6
4360,6,9
7005,1,9
187,3,3
7955,9,9
943,4,4
2508,6,4
5650,5,3
1789,0,0
6283,3,3
1282,9,9
6703,2,6
6764,5,5
3570,3,5
896,3,3
2998,5,5
8497,4,4
294,3,3
8442,6,6
5658,4,4
7637,8,1
9984,7,7
7036,3,2
4236,1,1
7745,7,7
7972,5,5
7633,7,9
824,7,7
2575,5,4
6809,6,6
3988,1,1
9155,5,5
9630,6,5
584,0,0
1561,5,3
4644,7,7
1936,3,9
7946,1,1
8336,3,5
3276,4,7
4549,1,9
9549,4,4
9403,9,9
4681,9,1
2064,8,8
1924,9,6
5601,7,7
5847,8,8
7060,8,8
7100,9,3
8382,3,3
3749,8,8
9805,2,0
4141,8,8
2073,2,4
1281,8,8
6911,6,6
6672,9,9
365,4,0
6480,0,0
6333,3,3
4970,2,2
3557,9,2
8703,4,7
2228,7,5
1846,2,2
9793,2,2
4562,4,5
7141,5,5
2240,9,9
9759,5,5
6680,3,3
3108,8,4
5653,5,5
3733,2,3
4001,2,6
5535,3,6
4973,1,9
6241,0,0
726,1,1
3039,1,1
1443,4,6
8064,0,0
2852,2,6
4219,0,0
6474,8,0
8389,1,1
6404,7,7
5460,0,2
9430,6,6
8287,8,8
8939,8,8
3656,2,2
3365,9,9
2577,4,4
8829,0,0
5492,2,0
6124,8,0
5734,6,6
6518,6,6
8751,1,1
2067,7,4
991,5,5
6839,8,4
3147,2,4
4645,4,7
9274,8,0
7683,0,0
8821,7,7
8222,1,1
7323,3,3
2820,6,6
9033,2,2
9388,3,3
852,8,8
5008,4,4
8822,6,6
2366,9,9
9017,0,0
3813,8,8
917,8,8
3059,5,2
2987,1,9
6462,0,0
2680,0,0
3251,5,3
8439,8,8
714,4,4
2907,9,9
6885,0,9
4880,0,9
8322,4,4
4446,0,1
8663,1,1
5827,0,0
6134,3,2
5555,4,3
5548,8,0
9716,7,4
7364,5,5
9235,0,0
4969,1,1
7452,4,4
1340,1,1
1573,0,0
9425,6,6
2435,6,2
9038,2,4
8081,6,6
8634,6,5
4209,4,7
3189,8,8
8869,5,5
2190,9,1
7724,8,8
1376,9,1
3884,3,7
262,5,3
8425,6,4
5652,0,0
5470,1,1
1233,4,8
3717,6,6
3409,9,9
4085,8,8
4463,5,0
555,4,4
9393,4,6
519,8,8
1568,0,0
2424,8,8
2536,5,5
620,7,7
9324,9,9
6010,1,2
6450,0,0
8532,3,3
6530,3,5
6735,9,9
8335,7,5
4582,8,8
4794,4,4
4106,3,0
8702,0,0
5266,4,4
8624,9,9
2441,4,6
9301,7,3
9960,2,0
4054,7,0
8202,5,5
648,4,4
330,1,1
7415,3,3
4541,2,4
2703,9,0
4157,2,2
6264,6,6
2718,5,5
276,0,9
5631,6,6
7761,2,3
8226,8,0
654,9,9
7747,3,4
1830,3,2
2778,4,4
7892,1,9
1430,8,8
9132,2,5
9267,2,6
2138,6,6
2195,4,7
4211,4,4
6080,1,1
7463,2,2
4455,8,8
6205,1,1
1747,1,1
4228,0,0
548,2,2
1790,7,7
7847,7,7
9848,2,2
3245,7,7
9098,5,3
6600,7,7
3886,8,8
1869,8,8
3872,7,5
6062,3,3
1824,9,9
9676,3,3
2213,4,6
2136,0,9
2562,4,4
4447,0,1
7309,1,1
7569,3,3
9211,1,1
4128,1,1
6979,5,4
1657,5,5
6790,7,5
6427,2,2
360,9,9
5443,6,4
2724,0,0
7600,8,1
9421,1,1
3786,7,7
9085,9,1
2940,3,7
6808,0,8
5875,1,1
7585,6,6
9693,6,6
9477,5,5
7177,2,0
90,0,8
272,6,6
4839,7,7
9194,6,6
7917,6,6
6814,9,1
2750,5,5
776,2,2
1076,0,0
3671,4,7
8750,9,9
2269,3,6
6436,0,8
2481,7,7
7226,7,9
3779,3,2
4377,4,4
3159,2,7
9416,7,7
3386,2,2
2593,8,8
8394,7,7
7165,0,0
4086,8,8
4389,8,8
7270,9,9
5737,9,9
8123,1,9
4298,9,9
7541,0,0
7944,2,2
9225,5,2
6593,2,2
3992,0,0
8547,6,6
7814,7,7
8969,8,8
4801,2,7
6469,9,1
6963,9,9
1699,7,7
1992,6,6
4691,2,6
5035,5,5
2398,8,0
9359,6,2
684,9,9
8678,1,9
7189,0,0
8951,8,8
2128,4,6
5790,9,9
7503,8,8
8180,4,4
4068,8,8
2171,2,3
9138,5,5
6964,5,5
7948,1,1
8434,9,9
5491,0,0
3270,8,8
2620,1,1
9534,6,6
7498,6,6
2806,2,2
9218,3,5
652,5,5
2668,0,0
9581,7,7
536,6,6
7969,6,1
3121,9,9
280,9,9
5735,0,0
8454,2,7
331,9,9
5289,4,2
9091,7,7
1049,4,1
7157,5,3
3155,8,8
5171,2,2
6810,8,8
8404,2,2
1248,2,2
2098,0,8
4391,3,1
6620,7,7
6056,4,3
6624,4,4
6728,1,1
8752,5,3
5928,7,7
9680,8,8
7418,8,8
8290,8,4
1063,4,7
9013,7,7
3653,8,0
4168,9,9
3351,1,1
2588,4,4
2224,1,1
6374,9,9
9883,7,7
7024,9,9
805,4,4
861,6,6
8620,3,2
8955,1,1
1060,9,9
7483,1,1
5881,3,5
8639,7,0
8882,3,3
8005,1,1
9552,9,9
3655,9,9
4698,6,6
6840,9,9
2758,1,1
2570,0,5
2305,9,9
8879,9,9
8521,9,8
3399,0,0
1667,6,6
53,3,3
6835,5,7
7243,1,9
8366,1,1
4768,9,9
471,7,7
1642,5,4
6261,0,0
3799,3,5
5252,4,4
7545,5,7
3391,3,9
419,7,7
8276,9,0
161,1,1
2546,8,8
8898,7,9
5466,8,3
5831,6,2
7168,5,3
8330,5,5
7700,6,6
3833,9,9
7119,5,9
450,2,9
407,1,9
6673,4,6
8546,8,8
6211,8,8
3641,8,8
5657,2,3
8178,9,1
3759,4,4
1783,8,0
9740,3,6
143,3,5
9056,4,5
792,3,5
8892,8,8
8626,1,3
3443,4,4
573,3,1
9325,6,6
5746,7,7
8978,6,6
9877,6,2
1513,6,9
222,9,9
223,4,5
4156,3,3
7717,3,7
7836,0,0
4131,1,1
205,3,3
1322,0,9
2650,5,3
1971,4,4
6063,6,3
2259,5,5
4574,3,5
4361,8,1
6109,2,4
2702,6,6
2295,8,8
5733,3,3
1290,5,5
9352,1,1
2381,5,5
317,7,7
1318,5,3
3917,7,5
3921,1,1
8790,0,7
8260,1,1
1907,1,1
2343,6,6
3476,8,8
4145,8,8
1317,9,9
1019,5,4
7523,0,0
8235,7,7
516,8,8
572,1,1
7002,3,6
1818,5,3
2790,8,8
1803,2,3
6068,5,3
4179,6,6
5704,4,4
833,2,5
1064,9,3
1798,4,6
8471,0,8
5696,7,7
4991,0,0
5452,0,0
3441,0,0
8035,1,1
5728,7,7
6585,1,1
9192,2,2
9708,9,9
6584,5,5
3661,1,1
2326,7,7
817,5,3
2061,5,5
59,6,5
8446,3,3
8935,0,0
8375,4,4
7636,5,3
2836,3,1
2731,5,5
8643,0,0
7016,3,5
2479,5,2
7417,3,3
7207,3,9
2807,9,0
8211,5,3
8076,7,7
7159,6,6
725,2,0
6837,5,7
7103,0,0
3881,7,7
97,0,0
3795,7,7
8757,8,6
1946,8,8
1905,3,0
8097,1,1
2660,3,6
840,7,7
3463,3,3
3589,7,7
2760,2,4
8710,7,7
3863,2,2
7421,5,5
2459,5,5
5113,6,4
5001,6,6
1263,8,8
5944,2,3
8674,1,9
8779,7,7
4307,3,2
644,9,8
9078,4,4
9555,4,5
1462,4,4
6439,3,4
460,5,5
9427,1,1
7821,2,0
5236,0,0
8810,2,3
6536,1,1
9059,2,5
8435,3,1
7837,7,7
7725,4,4
7151,1,1
3584,3,5
1212,1,1
7883,9,9
2300,3,7
145,7,3
5671,3,3
1591,1,9
8637,4,4
2374,8,1
1557,8,8
4246,5,5
3411,5,5
5659,2,0
6146,0,9
4014,8,8
3333,2,2
6360,2,2
9667,9,9
7893,1,1
781,1,1
2215,0,0
4369,2,2
6682,4,4
7324,1,1
4700,6,6
7396,8,8
8726,9,9
6587,3,3
7014,3,3
3012,1,1
8630,5,5
9719,8,8
4753,2,0
5430,7,7
8503,1,1
9777,9,9
2549,6,6
1725,0,0
5856,3,5
4760,3,9
1415,7,7
9437,3,5
95,6,6
5887,1,1
4696,5,3
5797,5,2
7714,3,3
1437,1,1
6492,1,9
4809,0,0
8102,3,9
5355,8,8
464,3,3
6422,4,3
40,4,0
5522,2,3
5442,2,2
4624,5,5
1295,0,0
5586,8,0
8906,4,2
5489,7,7
5985,4,4
6965,6,3
5463,5,3
268,7,7
9892,5,7
3402,4,6
8917,0,0
226,6,7
8478,5,5
8220,6,6
2016,6,6
5131,6,6
5426,5,5
677,1,9
1701,5,2
3616,4,4
3682,3,2
1997,9,9
1823,0,3
6164,7,7
3322,2,5
9185,1,1
3885,6,6
7525,8,8
7137,5,7
5301,7,7
5429,6,6
3602,3,3
6193,9,9
5002,8,8
2934,6,9
5408,9,9
3392,1,1
4920,7,7
7382,9,1
8923,6,2
8535,7,7
367,3,1
8691,6,0
5880,0,0
2719,4,3
9961,3,3
8039,1,1
6981,2,2
9260,5,3
8452,4,4
7433,5,5
5895,6,6
9800,1,1
8755,6,6
3047,6,3
338,0,0
2306,3,3
4082,6,8
4937,0,0
9137,2,2
4019,7,7
7713,5,8
2613,6,2
9295,3,5
8282,1,1
7179,9,9
8262,0,0
5422,1,1
4725,9,1
1293,4,7
6836,4,7
4290,2,3
6980,0,0
3058,1,1
7275,3,3
7231,8,8
9240,8,8
5404,2,4
6316,7,7
4782,2,2
1250,7,7
2678,0,0
9761,5,3
4166,1,1
3947,2,2
5843,6,6
1678,2,2
2476,8,8
5048,1,9
3305,9,9
5914,1,8
1154,6,6
4630,2,3
7228,3,1
6757,4,4
3091,1,1
2411,0,0
4154,7,7
8734,2,4
9232,1,1
690,3,3
7618,3,3
4995,2,5
1717,7,7
8596,1,1
2413,4,6
4159,4,4
9799,7,7
674,2,4
402,7,7
3867,3,5
2764,1,1
6696,0,0
1982,6,6
8718,7,7
9832,2,7
3578,7,7
2785,4,2
4687,3,3
7124,5,2
8145,9,1
8967,2,2
1112,3,5
1126,2,0
1611,3,3
8080,4,4
4551,5,3
107,6,6
3670,9,1
3629,1,1
6898,3,6
8351,0,2
7169,1,1
7698,0,0
4203,2,6
3902,9,1
4088,7,7
1500,1,9
3812,9,9
241,1,1
9454,3,3
5319,7,7
2786,4,7
9449,9,1
1408,1,1
6944,5,2
7997,1,1
6557,9,9
2026,5,3
173,8,8
2211,7,7
9906,1,1
3898,1,1
1119,7,7
828,5,5
6478,7,7
668,1,1
94,4,4
1682,7,7
2922,3,3
3097,0,7
4591,0,0
312,8,0
2948,5,0
1757,6,6
7692,0,0
1261,9,0
1446,0,0
9919,4,2
3344,9,9
9586,5,3
2953,8,8
8228,8,8
4116,2,2
1809,8,8
2150,9,9
4030,1,1
1478,7,9
1487,9,1
6554,5,5
2257,0,0
502,5,5
3381,5,5
909,8,8
3451,5,5
113,2,2
8254,8,1
1125,6,6
9714,1,1
8053,1,1
5602,4,4
3056,4,4
7073,9,9
1062,6,3
4245,1,1
7068,2,0
712,8,8
6491,0,5
5136,9,9
8046,8,0
8705,6,6
7162,5,3
3673,2,4
1743,1,1
6818,7,7
2403,4,2
6192,6,6
3756,7,7
7411,5,5
9605,5,5
5398,8,8
9685,0,2
4323,5,5
5088,8,5
7451,9,1
9064,1,9
1319,0,0
1910,4,4
9525,2,2
7795,5,7
7173,1,6
7859,7,7
3055,9,9
5806,0,8
7125,5,3
4433,5,5
1815,9,9
8307,4,4
166,8,8
1145,4,3
8386,3,4
9649,5,3
4758,9,9
6129,4,7
7088,8,8
5845,5,5
7091,6,6
7150,3,2
6611,8,8
8770,6,3
545,9,9
2547,4,6
3385,8,1
1314,9,9
2142,1,9
9836,2,0
3190,3,5
9611,8,8
181,5,5
7624,2,2
3139,2,0
4144,1,1
2828,2,2
6665,4,5
7622,9,9
5232,3,5
3581,4,4
5391,9,1
3537,8,0
6529,2,2
6259,5,5
9202,7,7
1,8,1
8903,0,0
1566,7,7
6443,6,6
4977,9,9
6816,1,1
9104,4,4
8998,9,9
9700,0,0
4258,8,8
1278,2,2
4770,9,9
7613,9,9
1280,3,3
853,9,1
8093,7,0
9709,0,7
5749,5,3
6750,4,3
6957,6,6
7559,8,1
2133,3,9
5405,2,0
4254,8,8
5604,1,1
5169,2,4
78,3,3
666,9,9
1863,5,5
4513,4,3
5028,9,1
9422,3,3
4860,5,5
7835,0,0
8515,8,8
1903,0,0
6594,8,8
2194,8,8
9713,8,8
1886,8,3
1544,4,4
2427,5,3
480,8,1
2920,2,3
4018,9,9
1189,0,0
6397,5,5
1994,8,8
900,2,4
4314,1,1
9423,2,7
9748,3,3
5385,2,6
3767,6,4
1417,9,9
3826,1,1
7850,0,0
4148,3,3
5254,9,9
3347,9,9
7142,8,0
7664,2,5
2182,4,4
5003,4,4
9238,9,9
7000,2,8
6332,5,7
7913,8,0
4426,0,0
4188,6,6
5854,4,7
3790,4,4
3751,7,7
7851,0,0
452,7,7
3364,4,4
5617,5,5
5043,0,0
5242,0,0
5823,5,5
9948,8,8
9856,5,5
7180,6,6
2048,8,8
6913,3,6
3738,9,1
9476,8,8
9724,0,0
1177,9,1
7856,6,6
5083,9,9
2094,5,5
5665,2,0
801,1,1
3186,7,0
2272,7,7
8548,3,5
6061,0,0
9553,7,7
4669,6,2
6052,8,8
6370,6,3
8641,7,7
5719,2,2
4225,5,6
2959,7,0
6955,7,7
5954,8,8
1847,5,5
4558,0,0
688,3,6
4472,4,4
2851,4,4
4453,0,0
831,3,6
9283,9,9
3170,9,9
4024,8,8
118,2,6
150,8,0
2386,4,5
9296,8,8
6369,9,1
3301,8,4
9683,6,6
3084,3,3
5609,5,0
6376,8,8
9340,1,1
7796,8,8
5042,2,2
8773,6,2
9907,1,1
3662,6,6
4572,2,3
6511,7,7
3179,6,6
793,4,7
7079,7,7
356,3,2
9335,4,4
5513,6,6
4087,5,5
864,0,0
4280,8,8
3857,1,1
4537,3,3
9910,4,7
454,9,9
6950,8,0
445,7,4
1521,7,4
8725,8,8
9207,9,9
9375,3,5
3318,8,8
9810,8,8
6305,6,4
4422,3,5
9269,5,3
307,2,2
7986,1,1
7300,3,5
4684,1,1
5255,0,0
3321,0,0
9882,1,1
388,2,3
2419,4,4
7543,9,9
5664,6,6
4341,1,1
605,6,6
3726,5,3
463,4,5
6498,4,7
5707,0,0
3029,1,1
6720,2,2
3953,7,3
3942,1,9
3345,7,7
9457,1,1
81,1,1
4985,4,5
5080,7,7
9829,5,5
2298,0,0
2862,6,6
6828,3,3
8063,0,0
1215,7,7
1141,1,1
4855,1,1
6606,4,4
5905,1,1
1609,4,4
8393,8,8
3595,2,4
1251,2,7
8557,3,3
7425,2,4
1582,9,1
9151,0,0
9184,7,7
3996,6,6
6207,9,9
4570,9,9
826,7,7
3651,0,9
6048,1,1
199,8,8
3337,7,7
5206,3,9
7645,0,0
8977,0,0
3030,6,6
1693,4,8
4504,0,2
586,3,5
2612,3,5
10,0,0
6388,7,5
6933,0,7
8754,3,3
6263,2,4
243,9,9
2686,7,7
7332,7,7
2673,2,6
2773,1,1
837,2,3
4714,6,6
273,3,3
8599,4,4
25,2,2
5273,7,7
9110,1,1
1447,8,8
7149,5,3
5251,5,5
8324,3,5
2798,3,5
882,3,0
3316,7,7
8447,0,0
6309,6,6
1288,1,1
2200,0,2
8016,4,4
5773,3,4
1740,1,9
170,9,9
6860,0,0
5656,3,3
9624,2,2
2372,5,5
6647,3,5
3325,6,3
4845,3,9
866,3,9
2210,2,0
8765,2,2
1303,4,4
6121,2,5
3072,8,1
6176,9,9
6515,2,2
8876,0,9
5146,0,0
6734,8,8
6543,6,5
8304,1,2
5788,0,0
3748,5,5
2155,9,0
2969,5,3
7126,0,8
6343,8,8
3341,1,1
8858,6,4
7807,3,3
8489,1,1
8317,5,2
9428,7,3
4115,8,9
6564,5,3
8610,2,2
9075,0,0
2189,2,2
8665,3,3
5168,7,7
1711,1,1
4933,3,5
1530,3,9
4123,0,0
9771,4,4
9754,9,9
8542,2,6
7949,8,8
1413,1,1
4170,1,1
3574,5,7
4227,4,3
3735,5,3
296,6,6
6789,1,1
7185,8,8
5303,5,3
7860,8,8
5093,0,0
5541,7,7
396,2,3
3292,4,4
3416,7,0
1378,1,1
3374,6,6
4983,6,5
2105,6,3
123,2,2
1984,7,7
3498,4,8
3989,2,4
7114,1,1
2740,1,1
9899,7,7
2338,6,6
4437,1,1
6295,8,8
3745,1,1
3807,8,8
437,5,4
967,9,9
3721,2,2
7351,2,1
2292,5,3
180,0,0
3855,1,1
6119,1,1
5343,3,5
5032,2,0
9005,5,5
3413,3,8
9465,5,7
7711,6,5
4679,4,4
1363,1,1
8201,3,0
2849,6,6
506,7,3
7625,7,7
5076,5,5
104,1,1
1874,8,8
4888,5,5
7535,1,1
577,9,8
4005,5,5
5142,8,8
4158,7,4
1961,7,7
8067,8,8
6022,0,0
198,7,5
6385,5,5
941,1,9
1350,4,6
398,0,0
624,7,7
5143,9,9
8376,7,7
3761,0,0
8406,9,9
9035,4,7
4079,8,8
7915,3,5
8480,2,4
4138,4,4
5635,7,7
8827,2,2
8475,9,9
2895,7,5
2442,4,2
5693,7,7
1662,3,2
902,6,6
4091,9,1
5926,4,0
3781,2,2
9350,6,6
6763,2,3
3520,1,1
6769,3,3
8131,3,5
863,3,5
7025,6,6
9047,4,7
2944,9,9
4421,2,5
238,5,3
2237,6,3
5458,3,6
5243,1,1
2264,0,0
9490,8,8
2314,3,5
7032,4,3
8830,9,9
5013,0,0
2901,2,0
7534,6,6
7914,7,7
8709,1,1
705,4,4
9230,2,0
3472,7,9
9262,0,2
6945,5,5
7667,6,6
9226,3,9
2096,2,9
8815,3,9
9921,0,0
9725,8,8
8628,7,7
8919,7,7
7297,9,9
2714,9,0
1947,3,3
3525,2,2
2755,5,7
420,4,4
6709,3,3
2115,5,5
7865,3,3
1055,5,5
1651,0,0
5941,9,9
992,8,8
5713,5,5
8706,7,7
2141,7,5
4089,5,3
3395,9,9
8556,4,4
5798,0,0
9401,9,9
9086,0,0
7528,5,5
6076,7,7
1722,6,2
3746,7,3
1919,4,7
581,0,0
2569,0,0
9994,3,3
4328,0,0
4370,8,8
6782,5,7
8018,8,0
2044,3,3
9869,7,7
1792,9,9
5685,1,1
6194,1,8
7098,1,1
7769,4,7
3521,8,8
9670,1,1
1146,2,4
1092,6,3
2870,8,8
3211,0,9
1247,3,2
4835,9,9
1877,3,3
2303,2,4
4954,1,1
9736,8,8
8432,5,3
748,2,2
5982,9,9
233,8,8
5796,5,5
9532,8,8
6413,6,6
5179,5,5
8996,3,7
92,8,8
9747,0,0
9870,2,5
264,0,2
3022,7,7
1498,5,5
8617,3,5
5922,7,7
2744,9,9
8240,7,7
3418,1,1
8591,6,6
1674,4,4
4146,2,2
6813,6,4
1333,7,2
4488,4,4
7436,0,8
9382,9,9
7113,9,9
9297,2,2
806,8,8
3517,1,0
8014,2,4
7699,9,9
5865,6,6
6393,3,2
2070,2,2
4382,7,7
2622,0,0
9134,5,5
1647,7,7
2537,1,1
8834,8,8
5123,7,2
9623,9,9
4042,4,0
2183,4,4
4459,8,8
886,0,0
6087,4,4
191,8,8
6308,4,4
7715,1,1
6347,0,0
4646,2,5
8122,4,5
6381,9,1
4872,9,9
999,8,8
1922,5,5
2179,1,1
7254,2,2
5919,4,4
2903,2,2
5641,4,4
3991,2,2
7304,2,3
2124,0,0
6676,0,2
9039,2,6
1246,7,3
3489,3,6
3375,4,4
4987,3,3
383,9,0
1577,5,6
4275,5,5
6941,4,3
4466,1,1
7322,4,4
5568,7,7
7560,0,0
1742,8,8
27,0,0
4662,6,6
1761,1,1
7441,8,8
1603,3,9
6045,8,8
1294,8,8
4135,1,1
7875,2,3
3298,3,3
9358,2,0
4557,0,0
8344,7,7
5620,3,5
3936,6,6
1065,3,0
8742,9,7
1990,4,7
4171,0,0
835,4,9
8329,8,8
468,7,5
1622,4,4
1011,8,8
6060,3,4
4078,5,5
3797,6,3
4348,8,8
995,3,5
1016,1,1
5539,4,3
4390,5,5
430,2,3
3696,4,2
7255,3,5
5813,4,4
5246,7,7
3246,1,9
1354,1,1
4600,4,7
6731,6,6
3904,1,1
5247,7,9
9360,5,0
8138,1,1
9840,4,7
6073,2,2
1307,2,2
8306,6,2
6784,9,9
7362,9,9
2268,3,6
2693,9,9
3640,6,2
2576,2,2
6177,2,3
2966,0,2
1590,4,0
8947,4,4
8313,6,6
2652,7,7
1159,8,8
2821,0,4
6821,0,3
9606,6,9
5038,4,2
7896,4,4
242,8,8
9579,2,2
2356,8,8
1208,3,0
6355,0,0
5840,2,5
5159,6,6
5223,0,0
8541,8,1
4896,7,7
9790,8,0
3458,5,3
2775,3,3
2049,3,3
350,9,1
9515,0,9
2791,7,7
672,6,2
3794,1,1
5155,3,5
110,4,5
934,7,7
1555,0,0
4787,8,8
6613,8,1
6668,6,6
7363,1,1
1679,7,7
6141,8,0
6651,6,6
9753,3,3
9839,3,3
4362,4,4
1911,4,6
1640,7,5
5584,0,0
8110,5,6
4658,1,1
7136,1,1
1431,4,4
2079,0,0
7042,8,8
7941,5,2
6368,7,7
2977,2,6
9395,7,7
1298,9,9
5082,6,3
4458,3,3
2893,8,8
4243,6,6
3816,2,4
244,0,0
1727,9,1
9386,4,2
482,8,8
1656,2,2
2309,6,3
1744,0,0
4265,6,6
21,0,0
5945,9,9
1705,0,0
2492,8,8
7962,3,3
6188,9,1
9387,1,1
4762,1,1
6029,0,0
4212,1,1
3076,2,2
393,2,3
5064,5,5
3937,8,8
8119,6,3
5994,4,7
3117,0,0
3104,7,7
9459,0,1
2083,2,3
701,2,0
5817,3,7
4035,2,5
8990,1,1
9129,4,4
3975,7,7
6595,2,0
8199,4,7
8464,6,6
6464,1,1
6166,1,1
562,6,6
9843,1,1
8531,8,1
7346,5,5
6444,3,5
3535,5,5
6301,1,9
3573,2,0
2154,5,5
4705,3,0
3945,5,5
8068,9,9
3680,0,2
8682,5,5
9006,6,6
162,6,5
7579,3,5
5849,5,3
1631,1,1
6175,3,3
3928,3,2
2800,4,4
9435,2,5
6088,6,6
3459,9,1
790,3,0
8749,5,0
8052,7,7
7064,5,5
3657,7,5
5599,2,2
8940,6,5
0,3,3
9687,1,1
1004,8,8
6751,8,8
5455,9,1
1581,2,7
3809,4,4
8890,8,8
5953,7,5
3332,7,7
5616,6,6
5723,1,1
3768,1,1
7971,5,5
1507,2,0
7395,2,5
5059,4,4
2574,8,8
9282,7,3
6139,9,9
3583,1,1
7566,9,9
3593,2,7
7956,4,3
9439,0,0
4286,2,2
7334,5,5
3703,6,6
29,6,6
9248,0,0
2962,8,8
8248,1,1
7704,1,1
5618,0,0
5629,6,6
8513,9,9
7797,3,6
1942,2,2
7397,4,3
1940,5,3
3129,3,3
1425,4,3
9164,5,5
5388,6,5
2961,4,7
1586,5,5
292,6,6
154,0,0
139,9,0
1368,3,5
3390,3,5
6797,0,0
530,9,9
7235,2,2
9343,8,8
626,9,9
3798,5,5
9161,6,6
4058,7,7
4130,6,6
6754,8,8
4063,7,7
4628,5,5
3598,2,2
8667,4,7
8315,6,6
8011,8,8
6001,0,1
3275,5,7
521,7,7
2132,2,2
4210,3,5
796,1,6
1000,5,5
5948,0,0
3289,8,8
1836,4,4
2143,9,9
2247,5,5
4994,7,7
2119,6,6
9049,6,6
5975,9,9
3330,7,3
7754,0,0
2682,7,7
6694,3,3
319,5,5
8197,0,8
3239,1,1
5306,3,3
2081,3,3
5860,0,0
3771,2,0
4342,3,3
9061,7,7
8660,7,5
650,3,3
656,1,1
2,8,8
1495,2,0
7987,0,0
770,6,9
3218,9,3
1799,4,7
5079,1,1
7848,4,2
8443,2,4
8414,6,6
5376,5,3
7401,3,3
4853,7,7
565,3,5
6300,1,9
4349,0,8
2671,6,6
1416,3,5
1563,9,9
3415,7,5
4338,9,1
5052,6,6
4010,7,7
8862,0,0
7416,1,1
9102,7,4
3511,0,0
1274,3,3
1650,5,5
9142,3,6
7947,2,6
7505,7,7
7110,3,3
9385,7,5
6542,9,9
5891,0,0
963,6,6
7484,1,1
2392,5,5
4229,8,8
7222,8,8
6150,1,1
98,0,0
4319,2,2
4627,4,4
5527,7,7
1554,4,4
5250,7,7
2245,8,0
2708,4,6
8911,4,4
9730,6,6
3783,2,2
2382,9,9
4916,6,6
9464,4,4
4015,1,1
1752,5,3
8022,2,3
3295,9,9
1962,6,6
1661,6,6
1541,4,4
5286,6,6
6574,0,4
1391,7,2
8681,2,0
4062,0,0
1393,4,4
3990,4,4
8499,9,9
1821,4,4
9337,5,7
2985,2,9
431,5,5
3600,4,2
5086,3,3
5456,1,1
5916,9,9
6237,3,7
6589,2,2
4534,2,2
4780,0,0
2827,5,5
9245,1,9
8128,7,3
7731,1,1
4838,1,1
4032,3,3
3664,6,6
2607,1,1
9594,9,9
7130,6,6
2951,0,0
7519,2,8
1093,0,5
5369,4,2
3843,7,7
8139,1,1
5119,5,5
4473,4,4
9051,8,8
655,2,2
529,6,6
5923,0,1
7784,7,4
2093,6,6
8337,3,3
3793,6,3
5793,8,8
9062,9,9
6386,5,3
5015,2,2
1828,7,7
542,6,6
5855,7,2
1835,0,5
7785,4,2
1018,0,0
4380,9,9
7597,9,1
2158,9,9
926,8,8
9784,8,8
1558,4,4
1703,5,5
9210,7,7
6863,6,6
6156,9,9
7531,4,3
8516,8,2
7092,2,2
3329,3,2
7727,6,6
6948,6,6
3133,9,9
1933,3,5
3538,2,2
9175,8,8
1635,7,7
890,4,4
2891,7,2
8001,1,1
9326,0,0
8493,2,2
1313,1,1
7887,5,3
4895,1,1
9508,8,8
8099,3,3
5050,3,3
4176,3,3
6014,5,4
3823,0,0
2219,5,3
787,9,1
8084,5,5
7577,1,1
6967,4,7
3053,4,3
9707,5,7
5022,2,2
9472,8,0
5509,7,5
4419,0,0
6004,7,7
8900,2,4
3879,7,0
3027,1,1
9066,1,1
3865,7,7
5623,8,8
281,0,1
2912,2,6
4316,8,0
9694,1,9
6485,9,9
4917,5,3
1306,1,1
6055,0,0
7959,5,0
5886,2,4
3355,5,2
2783,0,0
6351,0,0
7990,0,0
703,8,8
7303,8,0
3838,1,1
7943,1,1
8078,7,3
7970,3,5
2725,8,8
3543,6,6
5605,3,3
8319,7,7
203,7,7
248,2,2
6879,1,9
6279,1,1
5558,7,5
6432,8,8
7564,8,8
4576,4,4
3192,5,3
6951,9,4
7021,1,1
3352,2,2
7818,9,9
4943,6,6
125,0,0
28,9,9
8020,6,3
9417,4,7
9499,0,0
1885,5,5
3379,5,3
5410,3,7
5703,0,1
8904,5,5
4964,5,7
1957,3,9
2779,3,2
8155,1,1
2332,2,0
2283,4,7
4583,7,7
3122,1,1
568,9,9
9992,3,3
2368,0,0
9471,6,6
8364,7,9
1150,2,7
6072,5,5
6113,2,5
477,0,0
7018,0,0
505,4,4
5930,5,2
709,8,8
870,3,3
4436,4,4
6451,1,1
5506,3,4
8948,6,6
4831,1,1
1404,1,1
6339,3,3
8708,7,4
4272,7,7
4057,7,7
8960,0,0
6036,0,0
41,6,6
9888,0,0
8088,7,7
8198,4,2
1330,2,5
9902,6,1
2477,1,1
1872,5,5
426,3,2
510,5,3
3934,2,6
9097,0,0
9776,2,4
3567,6,6
9105,8,8
5720,9,9
4697,5,5
2522,1,1
1200,8,8
8183,3,5
4367,0,0
9069,9,1
775,2,4
2510,4,7
7326,4,6
4643,3,3
2695,2,6
4593,5,3
6486,8,1
6421,6,4
1326,6,6
8594,3,3
3006,5,5
6367,4,3
8488,9,9
1654,9,9
8353,7,7
1746,2,7
4815,9,9
7482,4,6
8918,7,0
7050,8,0
3769,9,9
7712,5,5
2762,4,2
6640,5,0
4935,5,3
7886,7,7
590,6,6
8544,6,6
9949,3,3
5976,5,5
3514,2,5
1834,9,9
2472,5,6
8527,1,1
7768,8,8
9224,6,6
5769,3,8
386,7,7
1894,3,3
7109,4,4
240,1,1
7412,9,9
1688,6,6
9825,2,4
8529,0,1
543,7,7
9506,4,7
5090,1,9
6791,7,7
7247,8,8
6240,2,2
303,2,8
2657,7,5
4208,2,2
9801,6,3
301,6,6
6042,6,6
9941,1,1
2631,4,4
2910,8,0
802,4,2
8289,5,7
2720,3,3
9690,4,4
7145,3,3
8661,2,0
9609,1,4
5680,2,2
4112,4,5
8170,5,3
2062,7,7
8644,8,9
2008,9,9
9373,1,1
4346,3,3
217,9,9
3541,2,2
6299,3,4
9303,9,1
6357,7,7
9304,5,5
4863,1,1
2759,3,3
2258,1,1
418,3,2
486,9,9
984,7,7
4251,8,8
2004,7,7
8570,6,6
5545,6,6
692,2,2
9344,2,5
8760,8,8
6157,0,9
3249,3,3
8863,5,4
1690,2,4
5199,6,6
9636,6,6
2850,5,5
1083,2,4
3223,7,7
1300,4,4
7757,6,6
4295,0,0
8991,0,0
5386,1,1
5293,0,0
3702,1,0
3241,7,7
1069,6,6
8249,1,1
1046,2,2
9958,9,9
2301,2,2
1411,3,9
100,4,4
3145,9,9
5862,2,5
5753,2,2
4717,4,4
8929,9,1
606,4,6
2304,6,6
9648,3,3
5828,5,5
5394,1,1
394,9,9
1860,8,1
842,7,7
6201,3,3
4126,0,9
7158,7,7
2360,7,5
6471,6,6
6755,9,9
1923,1,1
4124,8,8
6165,5,9
8381,4,6
6358,7,7
8050,7,3
5216,6,6
5441,5,3
2706,3,3
6329,1,1
8777,0,8
4992,1,1
9376,5,5
7798,5,5
2425,0,9
9569,6,6
3309,4,7
3689,7,7
4178,7,7
9007,2,3
6920,5,4
503,4,4
9368,1,1
9181,0,0
1143,6,6
3206,8,0
2894,6,6
343,5,7
3940,6,3
905,7,4
2012,5,5
4276,9,1
9699,0,9
3300,4,9
4612,7,7
4207,1,1
9255,3,3
1427,9,9
12,5,5
340,2,6
1564,1,1
314,4,3
1172,2,2
4403,8,8
8780,4,4
4358,5,5
9290,4,4
4194,0,0
566,9,9
5219,2,4
4626,5,5
6081,0,2
5094,9,9
8395,1,1
1228,5,7
9447,4,5
4105,7,7
716,3,3
1460,6,6
610,6,6
153,0,0
6116,5,7
5987,3,5
2745,8,8
9631,7,7
1194,4,4
8390,1,1
1139,8,8
5477,2,0
6635,6,6
9616,5,4
4575,6,6
196,8,8
5830,5,5
5461,0,3
6008,3,2
6234,7,7
8374,4,4
1508,8,8
2013,6,6
6824,0,0
9024,0,0
9048,0,1
9217,9,9
1041,5,5
2346,1,1
5515,4,4
8871,9,9
85,5,7
2313,6,2
629,1,1
9868,9,1
7812,2,7
9060,9,1
9146,5,5
3532,5,5
7081,4,7
3530,6,6
6832,1,9
5743,6,3
747,6,6
1343,0,0
880,8,8
3939,9,9
9412,8,8
5498,9,9
7561,2,1
8590,0,0
2293,8,9
7958,5,3
1816,7,7
8931,9,9
8410,5,5
3606,3,3
7630,9,9
4735,8,8
8774,3,3
2469,9,9
3888,6,6
1665,6,6
5842,7,3
5256,0,0
7635,9,9
3003,2,0
1448,4,4
1632,8,8
3203,4,4
6104,1,1
4526,3,3
8783,6,2
3882,1,1
9947,3,2
4301,6,6
750,9,9
9424,2,2
2573,5,3
9096,9,9
8853,2,2
8549,1,1
8973,5,3
5727,6,4
9311,5,3
9001,1,1
3092,5,5
9808,1,1
8550,1,1
2331,2,3
9691,6,1
511,6,6
9971,9,9
956,0,0
8586,6,2
2395,7,0
9173,4,7
3240,4,9
8806,3,2
5330,7,3
8866,1,1
6095,9,9
7389,6,6
3579,1,1
533,5,5
3102,0,0
7697,5,7
8288,5,5
7192,7,7
6612,7,5
3461,7,5
7514,7,7
795,7,7
1044,8,8
5777,8,8
6927,5,3
5587,0,0
7095,4,4
7295,5,3
442,9,9
69,7,7
1868,2,7
3302,0,0
9234,2,2
8141,3,3
6247,0,0
8721,6,4
1627,9,9
304,6,2
1941,7,4
8149,9,9
914,0,0
756,6,6
1938,8,8
6463,8,8
3421,0,9
8203,3,3
8159,8,8
9932,8,0
7195,7,7
6122,5,3
485,9,9
8511,2,2
5729,8,1
6655,1,1
7689,0,0
6795,9,1
7148,0,0
4844,5,3
2187,5,3
6712,0,0
6541,8,1
1825,2,2
7593,6,6
7445,6,3
9127,8,9
2685,2,4
4381,7,7
8965,4,4
7209,0,0
251,3,3
8500,4,4
5120,9,1
980,2,6
567,7,5
5164,0,0
7690,6,6
5309,3,3
1840,8,9
9959,2,3
1114,9,9
3081,9,9
777,6,6
9789,6,2
6144,7,7
3277,7,7
6476,0,0
9826,0,0
2509,2,9
2860,5,5
1765,4,4
7802,2,2
72,8,8
2771,7,3
3839,5,5
266,2,5
457,5,7
327,5,5
9901,3,8
1535,4,7
4452,2,3
1479,2,9
5185,3,3
2757,1,9
8698,6,4
7983,6,8
4887,5,3
6409,9,9
2633,3,3
9354,0,0
190,5,2
6780,7,7
6531,4,4
778,0,0
4836,9,9
3531,8,9
6274,9,9
6408,0,0
4875,1,1
1708,7,2
9593,1,9
1077,0,0
1663,6,6
8525,3,6
2456,8,1
8694,0,0
4607,1,1
8104,7,7
52,0,2
6870,7,7
7167,7,7
4339,7,7
3426,0,0
3113,3,6
9955,8,8
4719,9,9
2185,0,9
8049,1,1
5526,8,8
5833,3,2
3925,1,1
6873,3,5
7020,7,7
5379,4,4
8675,7,7
7939,2,2
5367,0,2
1283,5,5
7386,5,3
2677,7,7
353,2,2
8959,1,9
9530,6,6
1203,0,8
6096,2,2
5874,3,3
7940,2,4
9118,4,3
815,8,8
1219,3,3
4862,3,0
6815,0,0
9963,8,8
6923,0,0
9608,0,0
1367,2,2
8347,1,1
3222,4,7
6191,0,0
8106,8,8
2604,8,8
1875,0,0
901,6,6
597,3,9
1038,2,2
5591,5,5
7967,9,9
6458,2,2
3643,8,8
6441,5,5
3252,4,4
5248,9,9
3282,9,9
5912,4,4
200,5,3
9332,9,9
9650,8,8
9159,9,9
3915,4,4
4580,6,4
4469,5,5
2586,7,4
9673,9,1
4478,1,1
4186,7,7
5024,1,1
3134,7,7
7372,5,5
9651,7,7
1758,2,2
5544,0,0
9405,8,8
322,2,6
518,5,3
2932,9,9
4847,4,5
1811,1,1
6028,8,0
7276,1,1
7245,4,4
2515,2,4
8537,0,0
7584,1,1
9824,1,9
1707,9,9
50,9,9
1636,5,5
5990,8,8
2002,4,4
998,3,3
3034,2,2
1386,3,3
617,6,6
9526,9,0
8655,8,8
9998,1,4
5263,8,8
8354,4,4
7780,3,8
7570,1,1
1787,3,0
7318,4,2
6495,7,7
1402,7,7
8771,6,6
8632,3,8
2263,6,6
857,0,0
6604,2,5
3356,4,4
5148,3,3
413,6,6
38,9,9
3377,7,7
3551,0,0
6739,0,9
4744,6,0
7462,8,1
1397,0,0
2996,8,8
3265,8,8
2035,6,6
8358,0,0
1865,7,7
7991,9,9
4893,1,1
5154,2,2
1270,1,1
7199,1,1
1716,1,1
9371,8,8
3778,7,4
5300,9,9
8169,3,6
9111,0,0
5715,6,6
8839,1,1
9975,7,7
4372,1,1
734,9,1
8079,5,3
918,8,8
4363,9,9
1320,7,0
9020,7,9
3631,0,8
1056,3,3
6674,5,3
8147,5,5
2407,9,9
6353,2,7
3586,8,8
6457,2,5
3933,6,2
279,3,5
4800,9,9
9002,6,6
7903,1,1
4454,6,6
3603,6,3
1569,1,1
5809,0,0
6163,3,3
5077,0,2
6278,5,5
872,4,4
4494,8,8
9602,0,0
7361,8,8
9037,9,9
8867,8,8
7628,4,9
8564,1,1
3796,5,5
953,1,0
3946,8,8
3067,3,3
9696,1,1
2387,9,9
466,4,7
8036,6,3
2911,1,1
6997,8,2
3488,1,1
888,0,1
5829,4,4
587,4,4
7736,3,3
1033,3,3
8807,6,6
9409,9,9
382,0,0
8756,2,1
8540,4,4
8700,3,3
3949,5,3
9045,0,0
4729,2,5
1986,4,6
7283,3,4
8983,3,5
1067,0,0
2148,9,9
884,9,9
8350,9,9
2473,0,0
4755,1,1
3110,7,5
8799,1,1
9962,4,2
2117,7,7
5262,4,4
9796,9,9
4182,5,5
9203,8,8
4978,1,7
8193,3,5
7809,0,0
3323,5,8
5634,4,2
2262,2,4
6891,9,9
1259,8,8
8992,5,5
4767,6,2
368,8,0
5670,4,4
3743,3,3
8693,9,9
5482,5,7
6025,6,4
3910,4,2
9287,9,9
1117,5,5
7404,8,8
7834,5,4
1918,2,2
472,8,8
1737,6,7
8823,4,7
9665,3,3
2208,4,4
1800,4,4
2330,0,0
6317,9,2
6505,4,4
7857,4,6
7055,8,0
9205,4,4
4640,2,2
288,7,7
1482,8,8
5218,3,5
5497,3,4
3135,7,7
1325,2,4
2694,1,1
5803,1,1
7657,2,5
456,3,4
2037,5,3
4501,5,5
8070,5,5
5978,5,3
3119,4,6
8604,6,9
7216,2,2
6131,3,6
819,3,2
9878,5,2
483,5,5
9715,4,3
8328,7,7
5909,1,1
5217,1,1
6016,4,6
8671,4,3
3446,6,5
491,0,0
1338,6,6
448,2,2
8819,0,0
6830,1,9
9241,6,6
3202,5,3
4543,1,1
6233,7,7
7890,6,6
9200,8,8
556,6,6
4730,2,4
1634,6,6
1684,1,1
6962,7,7
9140,7,7
4414,2,3
8176,6,6
8905,8,8
6428,5,2
8409,8,8
4395,7,7
1808,9,9
6093,2,6
839,2,2
2614,0,0
8137,8,8
5172,4,2
9711,4,4
2206,1,1
3152,1,1
1529,4,4
4240,7,7
3077,1,1
1095,2,6
683,8,9
9809,3,3
4320,1,8
2017,5,9
2801,5,5
1762,4,4
4264,2,3
616,6,6
372,9,9
6198,9,9
347,6,6
9849,0,2
1209,7,7
576,8,8
3644,9,9
5503,8,8
3354,3,2
2566,2,2
7686,9,1
6774,3,7
9926,3,4
9317,6,6
8356,1,1
1382,2,0
2390,1,9
6553,3,3
8605,6,1
3828,1,7
8273,6,6
1494,7,5
4571,4,7
5403,7,7
8835,7,3
9195,6,6
4497,8,8
3785,6,2
3842,8,8
5596,9,9
6546,2,2
5507,6,6
5702,4,4
6250,4,3
1706,1,1
1144,1,1
2866,9,9
9390,7,7
1176,1,1
9176,8,1
2688,5,3
7873,1,1
611,9,1
7143,4,4
9590,0,2
1257,2,2
3397,9,9
8530,8,8
5642,5,7
6154,4,7
6996,0,0
5193,4,3
9107,5,9
9180,5,5
5986,3,9
3430,8,0
2632,3,3
630,2,8
5977,6,6
9349,9,0
4417,9,9
5161,3,3
3183,3,3
3912,8,8
2690,2,6
163,6,6
3690,9,1
7210,3,3
7878,1,1
4547,3,2
8498,1,9
8560,7,7
7877,0,0
278,4,7
1892,6,6
2684,3,5
8225,9,0
6238,8,8
7788,6,6
2066,2,7
2126,9,1
9081,7,7
344,8,0
3299,0,4
3601,0,3
4359,2,2
9562,3,6
1073,7,7
5046,5,5
2030,4,4
4297,9,9
6831,8,8
7160,5,5
14,9,9
13,7,7
7648,0,0
3642,1,1
5747,8,0
9539,0,0
8412,2,8
4851,9,9
8073,0,0
4300,8,9
6111,3,0
7067,9,9
1948,5,5
7923,9,9
8012,3,6
54,8,8
2493,9,1
9436,1,3
6798,8,8
9653,6,6
527,0,0
4049,4,4
9688,2,2
4011,7,7
8877,9,1
5668,7,7
848,2,6
459,6,1
9863,6,6
8808,6,6
1305,9,9
5280,0,0
4956,5,5
9628,9,9
6040,2,5
6197,4,4
2320,5,3
2629,2,6
3883,7,7
2701,1,0
8870,5,8
2809,4,4
5756,4,7
9871,9,1
4009,2,2
4309,7,2
136,9,9
7101,6,6
7553,9,1
416,0,0
662,7,7
8269,8,0
7685,9,9
3320,2,9
8083,9,9
5378,1,9
7387,1,1
22,4,8
2769,2,9
7446,5,9
6270,2,6
7121,9,9
9123,2,3
1031,3,5
3338,0,0
7106,8,8
5073,8,8
5741,1,1
5853,5,5
8713,2,0
5956,4,7
5353,1,1
3465,6,6
3968,8,0
4959,7,7
641,3,6
935,2,3
9819,3,5
3523,4,6
2463,0,0
6605,6,6
5949,6,6
2640,7,7
782,7,7
9182,0,0
9920,6,6
1387,9,9
2047,5,5
9080,3,5
2716,5,3
6877,0,8
538,9,8
80,8,8
5000,7,7
5540,5,5
5180,9,9
5867,5,5
3285,1,1
9672,7,7
4029,4,5
5364,7,7
6219,7,7
1721,8,9
3742,9,9
3684,9,9
9739,1,1
9726,9,1
7057,6,6
7660,7,7
6472,1,1
316,7,7
5299,7,7
4712,4,4
7942,9,1
8601,3,5
6225,3,2
213,9,9
2318,2,2
825,3,4
9643,9,1
7044,4,1
1970,1,1
2114,2,7
5666,6,6
8495,1,1
149,2,3
425,9,1
5284,6,6
4629,7,7
4674,3,3
4810,5,5
4791,9,9
5528,5,7
6858,1,1
9969,6,6
3691,1,1
1833,8,8
7911,2,2
8333,1,1
8120,8,8
7759,1,1
1082,9,9
8615,9,9
7368,5,5
1412,1,1
5377,5,5
7529,5,5
6630,7,7
8261,1,9
4763,0,0
5868,9,0
1913,9,1
4833,2,7
7302,6,6
774,0,0
4072,5,5
8487,4,3
8361,8,8
8845,2,2
5694,5,5
4120,4,0
5689,3,3
5630,3,7
9339,1,1
1909,3,6
8704,8,8
919,0,0
7236,1,1
4193,9,0
1422,8,0
2308,1,1
2558,4,6
2829,3,6
7691,6,6
6402,8,9
2858,4,4
3214,6,6
8025,5,3
5972,8,0
478,5,5
4939,0,0
1167,4,5
9773,9,9
7171,2,2
971,4,4
1034,6,3
6622,4,4
5097,7,5
3168,9,4
3758,2,4
75,2,2
3221,5,5
728,6,6
947,1,1
4016,6,3
6958,7,0
1719,0,0
5423,6,6
6182,1,1
3732,9,9
9557,5,5
4324,9,9
9113,1,2
5669,0,8
9867,8,8
8619,5,5
2526,3,7
9434,7,7
9429,4,6
9601,1,5
6687,3,3
1384,9,9
4812,8,8
4052,5,5
5802,6,2
7921,4,4
7665,9,9
4536,9,1
8618,5,3
9169,1,0
3311,7,5
8831,6,6
9500,9,9
9728,2,2
2766,4,4
1193,5,5
2531,2,0
1945,4,7
2352,2,3
1400,5,2
891,6,6
1944,4,7
1537,4,7
1920,2,2
5321,1,1
4524,4,4
8274,6,6
6314,6,6
289,9,9
1524,3,3
1814,9,9
4081,0,9
2100,2,2
8077,3,3
5196,2,0
497,2,2
6561,9,1
4951,7,7
1148,2,2
9675,4,7
800,7,7
1071,6,6
1618,7,5
4044,6,6
8588,6,6
9582,5,5
4617,3,3
9220,8,8
7568,7,5
2297,7,7
1091,8,8
8279,3,3
7492,9,1
3592,7,7
44,0,0
210,7,3
6756,5,5
3107,5,5
3193,2,4
507,9,9
7928,2,2
5582,4,5
2581,4,6
6433,8,8
5873,4,4
7511,0,0
7654,4,6
1543,5,5
9911,4,9
9536,4,3
5428,4,7
5389,4,4
7638,1,1
1685,8,6
4639,0,9
4410,9,9
598,5,5
7605,2,4
7086,7,7
6242,4,0
1525,3,0
4568,8,8
354,2,6
5676,6,6
4012,3,9
5593,7,7
8483,0,0
8993,0,9
9374,7,7
633,8,8
760,3,9
8934,7,5
2931,9,9
96,6,6
2848,6,6
7898,1,1
1739,0,1
614,5,5
7639,9,9
6520,6,6
1964,3,3
638,0,0
5449,1,1
423,0,0
6325,7,7
3976,1,1
1549,1,1
1832,6,6
7426,7,7
5277,8,0
5683,6,2
6123,6,6
1239,5,3
3373,6,2
5822,3,1
2080,1,1
5128,3,3
3534,2,2
2116,9,9
7702,4,2
6298,3,3
5518,3,4
821,2,2
5863,4,7
7801,4,4
9484,0,9
5102,5,4
2883,2,2
7874,6,6
4508,9,3
7701,0,0
4479,7,7
5348,1,1
5473,5,5
8910,1,1
5406,7,7
3238,6,6
910,5,3
7170,9,1
26,4,3
6592,5,5
1998,8,0
3137,5,5
3079,8,1
265,8,8
5480,1,1
7918,4,5
5323,1,1
9898,9,9
8891,9,9
9514,5,1
7563,9,9
488,5,6
1966,7,7
7120,7,7
8294,8,8
4595,9,9
7019,2,4
5814,8,8
7647,6,6
5051,1,9
8189,8,0
5570,5,5
8571,7,7
8872,8,7
6005,4,2
9025,5,5
2825,2,6
7084,4,4
4865,8,9
492,8,8
2539,8,9
3184,0,0
5947,5,5
6949,0,0
4299,2,0
8676,8,0
9275,8,8
201,1,0
9937,4,7
9392,0,1
6634,4,7
8167,6,6
3093,7,7
4945,9,1
7773,4,4
5106,6,3
4270,0,0
9154,2,8
2733,3,3
4733,6,6
6503,6,6
5758,8,8
954,4,4
3020,1,1
2856,2,2
874,3,3
2982,4,4
5211,7,3
3150,1,9
2307,9,9
9318,4,4
66,1,1
5612,8,8
2484,1,1
221,6,3
4420,5,5
5580,5,3
6742,1,1
2502,8,8
9568,8,8
105,1,1
7251,7,7
5279,0,0
62,6,6
6268,5,5
7408,4,5
7187,7,7
2097,2,2
4610,6,3
4241,5,3
1770,7,7
4317,8,8
8580,3,0
8824,3,3
1959,0,0
1509,1,1
6603,9,1
1098,1,1
313,0,0
6394,0,9
4119,6,8
3007,6,6
881,4,8
8312,9,9
8237,7,7
7490,4,4
6935,7,4
9701,4,7
9288,8,8
8398,4,2
6092,5,5
9881,9,1
4028,0,0
9610,4,4
8019,3,6
5913,7,7
2022,5,5
4266,3,3
2092,1,1
4117,4,4
2447,6,0
93,6,6
156,2,2
9136,6,6
731,2,0
9669,8,8
1136,9,9
3280,3,5
671,3,5
61,3,5
1356,2,3
2436,6,6
8105,0,0
7574,3,2
2795,3,9
8056,1,1
6617,4,7
2784,1,1
3383,8,8
1433,7,5
8878,8,8
2032,4,4
2976,0,0
2617,3,5
6097,5,3
7595,1,1
1902,0,0
9322,2,2
337,8,8
2840,3,3
9057,8,8
8455,1,1
7933,3,6
908,8,8
5166,9,5
4759,0,0
3755,9,7
3509,3,4
550,5,2
6208,8,8
3995,7,9
2433,9,9
7964,1,1
5546,7,7
6466,8,5
3892,5,3
9300,5,2
2710,7,7
6224,5,5
4843,1,1
5501,6,6
2816,7,7
3802,7,9
754,2,4
3750,9,9
3420,5,3
4374,0,0
9469,0,0
2042,1,1
7532,1,1
6479,4,4
5647,5,3
3806,5,4
2221,2,2
8512,9,9
4500,3,3
3782,0,0
8003,4,3
7843,0,0
1862,5,5
5936,6,6
6209,7,7
9987,0,8
6158,7,2
6995,1,1
1731,5,3
1552,3,5
1751,1,9
1271,8,8
7485,8,8
4685,4,4
4164,1,1
8204,3,6
972,2,6
5786,4,4
4039,7,7
3545,4,4
9407,6,6
9807,1,1
7927,7,7
2882,7,7
3361,4,7
8611,7,7
4996,3,5
1113,8,8
5295,0,0
2065,2,4
2021,8,0
3217,7,7
5961,6,6
6482,7,7
7,6,4
3419,4,4
8874,7,2
5209,7,7
9945,7,7
6216,5,5
4774,6,6
3357,8,5
6257,5,2
6382,4,3
7273,4,4
4825,7,7
2087,0,0
4932,9,9
8162,9,9
4237,1,1
3005,0,0
9420,5,5
408,8,8
8736,3,3
9294,6,3
7994,0,0
583,4,4
9733,7,7
6928,2,4
209,9,9
1254,2,0
2871,3,3
3911,9,9
4486,8,8
4279,6,6
809,7,5
1801,4,4
9188,5,5
2892,0,7
277,3,2
9183,8,8
9798,5,8
2188,9,9
9482,0,0
765,2,2
9229,1,1
2254,8,8
5815,3,3
968,1,1
3310,6,4
3575,3,3
315,0,5
7589,6,2
306,8,9
2691,2,2
6639,1,1
2915,5,5
160,2,0
1499,8,8
6902,4,4
7221,3,3
1304,4,8
1035,6,4
2025,4,4
6006,0,0
862,3,6
7138,0,0
3404,5,5
3784,5,5
3777,7,7
3208,9,9
5187,4,4
6039,8,8
5918,1,1
1683,8,8
3565,1,1
9957,0,8
8387,0,8
7487,1,1
7839,3,6
2914,6,5
3923,3,5
9943,7,8
3930,1,1
8033,3,3
4670,8,8
7246,0,0
8551,8,8
6968,8,0
3469,9,1
7460,5,5
2181,3,2
4110,2,2
9384,4,0
3366,8,0
8027,4,7
2878,3,5
3136,4,4
3044,7,7
1512,8,0
7732,7,7
1519,6,6
6135,3,3
8292,9,4
2935,8,8
6127,5,2
9012,8,1
6266,7,7
7590,2,4
4771,0,0
4493,4,4
8797,9,9
1245,6,2
4840,0,0
3256,4,4
1778,8,8
2051,5,3
7926,5,5
5819,2,0
3109,8,8
3470,7,7
3608,0,9
713,7,7
2349,5,5
9263,6,6
7442,7,7
4139,5,0
8761,0,8
3926,9,9
4608,4,6
1169,7,7
5025,5,5
9443,5,2
1687,8,0
6252,2,2
2971,4,4
9722,3,9
7359,1,1
7610,7,7
9361,8,1
2328,7,7
5533,2,0
6556,8,8
7706,8,8
6180,0,0
8680,3,6
4002,4,7
1849,7,7
4715,9,9
5433,3,5
7746,2,0
4540,9,9
9913,7,7
8236,5,2
8781,6,8
1599,5,5
3931,5,5
8086,4,4
964,6,3
7166,1,1
2752,3,3
2844,4,3
979,9,1
6030,8,8
2930,7,5
4125,8,2
5264,6,6
5040,3,3
1365,0,0
6448,7,7
3617,3,3
2974,9,9
3861,6,6
9729,4,3
2989,5,5
4726,0,0
4034,2,2
6356,7,7
9306,8,8
9507,0,8
202,8,8
2437,8,0
3666,5,5
3913,7,7
2471,8,8
1351,7,7
9239,8,8
546,1,1
2400,0,0
8457,2,3
613,8,8
8582,6,6
4656,9,9
5688,8,8
435,7,7
1777,4,7
9842,6,4
7824,9,1
5484,9,9
9970,2,2
8407,8,8
5663,8,8
7319,2,2
8794,5,5
2068,3,3
5395,0,0
1807,5,7
1689,9,9
7827,3,5
9455,1,1
3800,9,9
7734,1,1
5816,5,5
2161,5,5
6342,8,8
5276,9,9
9544,0,0
283,1,1
6248,2,2
5578,3,3
2805,4,4
4325,6,6
7449,0,2
109,7,5
2916,1,1
5181,1,1
9139,4,4
7808,8,8
9671,7,7
4871,7,7
342,2,0
395,6,6
8629,7,3
4680,9,9
7864,1,1
2754,9,1
5627,9,9
1459,8,0
1720,4,3
1051,2,6
6133,0,2
6845,2,3
7669,7,7
7410,4,4
1174,1,1
1005,1,1
6636,2,2
7894,1,9
5784,6,6
1904,1,1
9321,4,4
4326,7,7
355,7,6
1593,3,3
7985,5,3
8144,9,9
4216,0,0
2280,4,4
9935,1,1
2223,8,8
4968,0,0
7616,0,0
6775,0,0
9331,7,7
3227,2,4
4142,8,8
5049,7,7
6833,3,5
5958,9,9
7671,5,5
7830,2,1
2299,6,3
4777,5,5
9208,0,0
6576,7,5
920,6,2
4861,0,1
8327,7,7
5198,3,0
5750,6,6
4877,6,6
4746,6,6
9660,6,3
9837,4,4
3317,7,7
6843,1,1
5126,0,0
6722,3,3
4218,9,9
1287,9,1
8803,3,3
5499,6,6
4097,3,6
3960,2,5
159,4,4
6874,6,6
7116,0,2
6787,5,5
5177,4,2
5569,0,2
1266,0,8
5774,5,3
8881,6,6
5332,9,9
9657,5,5
7030,8,8
4793,6,1
6400,0,8
7237,7,7
6855,4,7
6200,3,3
603,2,2
1458,1,1
8673,9,9
8707,2,0
8021,1,1
1309,6,6
2514,9,9
6389,5,5
2038,2,2
5594,9,1
9513,6,3
8664,5,3
9130,8,8
7641,7,4
55,8,8
7979,3,3
5517,1,7
3444,0,0
2618,5,3
5338,8,1
4008,8,8
6740,2,4
2485,6,6
3,0,0
9703,4,4
7080,5,0
2675,2,6
7575,8,8
5087,9,9
4927,1,1
7530,2,0
544,5,5
1550,6,6
3327,7,3
4806,1,1
1551,4,4
6794,8,8
4077,3,5
6033,2,2
4988,5,5
2110,0,0
1003,4,4
2520,1,1
1401,4,2
9406,5,3
8004,7,0
4337,1,1
3487,5,5
8160,6,6
5314,7,9
1328,5,3
3144,1,1
4055,1,8
4702,6,6
7440,3,3
4457,3,3
138,2,4
9088,2,3
9338,3,2
5581,6,3
3780,4,2
4470,0,9
5346,7,7
4217,0,2
2430,7,7
8975,8,8
5237,4,4
976,6,6
290,1,1
5089,6,6
2266,8,8
422,0,0
733,9,9
447,0,0
7846,6,3
2980,8,8
2583,7,7
275,5,5
6086,1,1
1269,3,5
7376,1,1
4180,0,0
5244,2,4
693,7,7
6500,7,4
7670,2,2
1916,9,9
1291,9,9
1781,6,6
915,1,1
2602,6,6
2818,5,4
5678,1,1
4981,1,1
1347,8,8
4799,1,0
2317,5,5
298,0,0
1748,0,0
602,0,0
349,9,9
6760,5,5
1007,8,8
9794,1,1
878,3,4
5846,5,5
352,0,8
8539,6,2
4748,0,1
3425,0,0
9397,2,2
2999,6,6
4660,7,5
2095,0,0
8768,2,2
2670,9,3
7099,3,5
6862,5,5
7033,8,8
1072,0,0
4918,3,3
657,1,1
1677,1,1
1953,4,4
3927,0,2
4223,8,0
4778,6,6
3559,4,4
6627,5,3
5220,0,0
6666,2,4
4594,1,1
1451,2,6
8875,8,1
609,9,9
9068,6,6
1584,7,7
2709,6,0
451,9,9
1179,3,3
8744,1,1
528,4,4
8007,0,0
5350,9,1
6290,9,1
8966,3,5
4811,2,0
1025,5,5
8528,3,3
2774,2,2
3628,3,3
5238,2,0
7594,0,9
7335,4,0
9968,3,5
1373,3,3
2863,6,6
5531,8,8
146,6,3
8787,4,2
4230,6,2
5341,6,6
3177,0,0
2947,1,1
4581,3,5
7793,8,8
8743,0,8
7190,2,2
6181,8,1
5158,4,4
3263,1,1
5576,5,5
8428,5,3
8995,9,9
6126,3,3
9570,7,7
993,4,3
9556,6,5
227,4,2
3850,9,9
474,5,3
8090,6,6
9647,3,1
1795,6,6
6975,8,1
561,7,7
3063,0,0
9426,2,4
1235,5,5
9043,3,8
9900,8,8
2350,3,0
5903,4,0
1409,0,0
2777,5,3
4450,0,0
4364,9,9
1222,9,1
9990,7,7
2497,9,8
7518,3,4
4876,3,2
6872,0,2
5644,7,7
2606,3,5
3890,7,7
6752,9,9
1221,9,9
9785,8,8
3547,9,9
5504,5,2
3273,8,8
1118,4,7
6925,2,2
1670,6,4
4083,8,8
1337,5,5
8177,8,8
9815,5,5
8884,0,0
8187,5,5
9858,4,4
2140,9,9
2216,2,5
3158,0,8
8186,8,8
6893,3,6
4393,3,9
8114,3,5
4371,1,1
5979,5,9
6017,9,9
829,3,0
1324,4,7
8941,0,0
661,4,7
3154,9,0
5744,2,2
9939,5,5
5267,6,4
3306,5,9
1949,0,0
2415,6,6
3568,0,0
5324,2,9
2627,7,7
8332,9,9
9928,5,2
5705,2,3
6077,0,2
9257,5,3
6414,8,8
4621,8,8
6320,0,0
5619,8,8
7066,6,6
6362,4,4
8151,8,8
4797,5,5
1434,0,2
5984,5,5
8462,2,9
6162,0,2
4552,5,3
6426,1,1
9144,0,0
5478,3,3
8864,9,9
2954,9,9
9950,3,3
1302,6,3
7655,8,8
5751,4,4
4611,1,1
2486,7,4
3632,1,9
9028,8,0
6070,8,8
167,4,4
5697,1,1
6597,1,1
3876,7,7
9645,1,1
7792,9,9
8717,8,8
4394,5,5
5834,5,5
955,7,7
2592,2,4
6318,7,7
152,6,6
4027,4,4
7049,2,2
4425,1,1
8421,2,3
5344,2,6
7480,1,1
5310,0,0
8238,1,1
7476,5,5
8146,8,8
4690,2,2
1793,5,5
9596,5,3
1375,4,7
8572,0,0
623,2,2
8257,3,3
8342,1,1
704,7,7
4625,4,7
8538,7,5
7471,6,3
18,8,8
2869,4,4
2978,2,5
1518,3,5
3396,0,2
5468,5,5
2384,5,3
1253,8,1
1851,0,0
5757,4,4
6377,9,9
2238,1,1
2908,7,7
3814,1,1
2111,9,1
8338,3,5
8233,4,6
2727,9,8
1171,9,9
5424,3,3
1237,0,0
8813,1,9
4167,0,1
8888,8,8
2246,9,8
2923,3,5
6256,9,9
7422,4,9
990,1,1
9156,6,6
5457,8,8
7074,3,5
6026,3,3
6552,1,1
4923,7,7
7277,4,6
5012,6,6
2024,6,1
3977,3,4
6894,6,6
9489,6,6
5718,1,1
2653,4,4
3048,0,0
723,1,1
1672,6,6
427,4,4
5065,0,0
7262,2,3
3368,9,9
5481,7,5
7895,4,4
4587,5,5
1888,2,2
6516,2,2
2490,0,0
2926,9,9
3255,5,5
772,6,6
5933,4,4
4476,1,5
7820,5,3
6496,7,7
7028,9,9
4303,5,5
57,7,5
8989,4,4
6303,7,7
130,4,4
8173,5,5
6988,4,2
897,7,4
5917,3,2
9055,6,6
3638,9,1
2756,9,3
2832,3,7
4573,4,4
4706,2,2
4026,9,1
3153,1,1
7550,4,4
5800,2,4
7038,0,0
421,5,3
8505,5,5
9592,1,1
1190,1,1
2847,8,0
6345,3,7
7861,0,9
8519,7,7
7510,8,8
188,4,3
2207,3,3
6697,2,2
8943,7,3
8015,8,0
9850,7,4
8230,0,0
5597,3,8
5075,6,6
3098,4,4
5946,8,8
2595,4,4
246,1,1
8431,8,0
3054,4,0
7829,2,0
665,8,8
8175,3,5
257,0,0
4400,3,4
9746,2,0
9165,4,0
1097,5,5
6091,0,0
9342,6,6
3753,4,6
6396,4,6
2819,1,1
4464,3,6
5203,6,3
7006,6,6
1175,9,9
3324,3,6
2603,0,0
1822,7,0
4559,3,3
5524,0,8
9131,3,5
7930,2,0
8057,9,9
6991,1,1
106,3,2
291,2,2
236,4,4
3870,8,8
3553,1,1
6853,4,5
6937,8,0
7089,7,7
2230,3,3
5101,5,5
7320,8,0
4107,3,2
8082,5,5
7816,0,7
9157,3,3
2815,3,9
1419,8,8
635,6,6
1772,8,8
7253,4,5
3394,1,1
2168,5,5
6573,7,5
2072,6,2
9174,9,9
9554,7,7
9244,7,7
9493,0,0
9577,0,0
5888,4,5
5692,5,5
3681,2,4
3157,9,9
698,7,7
9985,5,3
3654,3,5
1630,9,9
8150,6,6
9767,2,4
8367,6,4
2890,5,5
3697,4,5
305,1,1
6936,9,9
9456,6,6
5960,2,6
5549,5,3
1534,4,4
9517,9,9
5677,7,7
8976,7,7
4716,9,9
4817,0,0
8092,4,8
5448,9,9
8129,2,4
7022,2,2
3233,8,8
3871,8,8
409,2,3
499,0,0
3818,9,9
9965,2,2
966,6,6
6361,0,0
3868,5,2
3312,9,9
8370,4,6
1753,6,6
6548,0,0
1264,8,8
3526,4,4
6410,1,1
9302,3,3
2742,2,5
2946,9,9
2157,3,3
2370,0,0
7799,9,9
30,6,6
9537,6,6
8712,1,1
6282,6,6
4686,0,8
2585,3,5
615,8,9
2409,4,4
1182,1,1
5672,8,8
2027,9,7
6580,1,1
3406,6,6
7438,5,5
8640,1,1
3866,0,2
3566,7,7
6416,7,7
4636,8,8
4542,3,4
7220,9,9
5639,3,5
84,2,5
5474,1,1
9662,1,1
3484,4,4
24,5,2
8321,4,4
7271,7,7
8013,8,8
4056,0,0
6292,6,6
3805,9,9
9595,7,7
42,5,3
2130,0,0
1616,7,7
2963,3,3
8954,2,2
3199,6,6
9448,3,3
1036,0,0
9893,2,2
1760,0,0
1484,4,5
8850,1,9
4961,8,8
4754,3,0
7614,4,4
220,7,7
8291,6,6
9364,5,5
3281,2,2
9419,2,2
4424,1,1
7264,4,4
4267,7,7
675,0,9
1329,5,7
351,1,1
9021,0,0
8243,4,4
7719,2,0
5563,1,9
3730,1,1
2159,8,9
2391,2,2
2198,8,8
4596,7,5
658,4,4
8124,7,7
4692,8,8
5566,1,1
4311,7,7
2761,7,7
7571,4,7
7434,0,0
2444,3,3
3542,9,9
5227,4,6
3253,9,1
7684,0,2
9538,8,8
8369,4,4
2518,7,7
5372,5,3
9663,1,1
473,0,0
3966,4,4
7233,5,3
5519,6,6
4174,2,2
4597,9,9
8445,1,9
3701,1,1
3260,7,7
4332,7,2
3957,9,0
1377,3,4
3182,8,8
3675,4,4
8844,5,5
8536,1,9
9120,3,5
2034,3,4
7212,3,3
3363,2,6
9533,0,0
708,8,0
8136,3,2
2482,9,9
6867,6,6
5467,5,2
3017,5,5
5495,4,7
6114,9,9
3984,6,6
8403,6,6
8089,9,9
9887,5,5
4169,3,3
1130,7,8
2214,4,4
9286,7,7
7104,2,2
204,1,1
651,9,1
3127,4,6
8433,3,3
6908,6,6
245,3,1
2052,8,8
6348,8,8
147,2,5
6959,5,4
7201,4,0
4900,3,6
9094,2,2
2655,4,4
4548,0,8
3293,1,1
9664,0,0
1061,1,1
263,7,3
1284,8,8
6796,6,4
148,5,5
2793,9,9
2625,2,2
6522,9,9
601,5,5
948,3,3
8650,2,5
2383,2,4
1927,9,1
8231,3,3
6425,2,2
2205,5,5
969,9,9
8305,4,3
6866,4,4
8044,9,9
5325,8,0
875,8,8
1812,5,7
9253,2,0
3536,0,0
7051,3,3
5792,2,2
2609,5,4
5178,5,5
8278,8,8
6132,7,3
916,3,5
2131,7,7
4047,4,7
1652,0,0
5112,5,3
6768,2,2
6071,7,4
4848,1,1
7586,2,9
7842,5,3
4907,5,5
1861,3,3
1238,1,1
34,9,9
9654,5,5
1101,8,8
4870,8,8
8340,5,3
6820,1,1
1058,6,6
6971,9,9
2040,0,0
847,0,0
6864,0,0
1559,5,5
3125,3,3
9855,7,7
6565,9,9
1485,0,0
9010,8,8
5761,6,6
2804,3,8
6691,8,8
8109,2,2
324,4,5
9755,3,3
6044,7,7
5294,8,8
4790,1,1
7730,4,4
1854,5,3
1111,8,8
721,8,8
1520,7,7
256,3,6
4048,5,4
6507,4,5
3659,6,6
1714,0,0
6743,8,8
2385,4,7
2873,9,9
9330,4,4
4820,3,3
2220,1,1
1704,3,0
682,4,4
7756,5,5
7588,2,5
1341,4,2
593,6,6
4663,1,1
9346,7,3
1039,2,4
7443,7,5
3658,2,4
9931,0,0
1614,1,1
3061,7,7
4204,2,4
7328,4,4
3369,5,3
2568,9,4
380,6,6
7524,3,0
3610,5,5
8997,5,3
6718,8,8
8956,2,9
6371,1,9
5959,4,8
6704,1,9
1385,5,5
7011,7,3
2541,1,1
3313,2,2
2639,6,6
9769,8,8
1045,5,3
5326,7,5
8909,0,0
9408,6,6
6488,2,0
3774,5,7
369,1,1
379,6,6
5762,0,8
3235,5,5
2887,9,1
7250,8,1
2698,3,3
9363,5,3
4321,5,5
9833,7,7
1268,3,0
6616,4,4
3979,9,9
6539,7,7
9444,7,0
9394,5,5
5508,7,7
112,6,2
6019,6,6
5182,1,1
5942,4,4
6906,1,1
9880,7,7
9830,1,9
7912,0,0
4331,2,7
8746,3,2
7653,8,9
5366,1,9
3502,8,3
2129,9,9
6876,7,6
7384,3,5
376,0,0
6136,9,9
3924,5,3
7279,5,3
8413,9,9
6792,3,1
4413,6,6
3998,2,3
5967,9,9
7823,7,7
5380,1,9
8000,9,9
2610,2,2
6210,4,3
2875,1,1
45,9,9
1028,6,6
2975,9,1
7437,3,7
6456,2,2
2626,7,7
5208,4,4
4221,2,2
2455,6,6
7097,7,5
4751,6,2
1585,7,3
179,0,9
2738,4,4
5062,5,5
7602,2,6
5253,0,0
4990,7,7
4655,7,5
8631,2,6
939,8,8
2173,3,3
8372,1,1
1272,4,7
9827,4,2
6152,6,6
4615,5,2
6610,8,1
1855,5,5
4443,4,4
8258,3,3
5781,0,0
3889,6,6
6032,4,4
5183,4,4
5764,7,7
508,9,1
5023,2,6
2797,6,4
2329,4,6
8554,0,0
2831,3,3
6075,3,6
9268,7,7
6312,2,2
9475,2,2
3880,6,6
8920,6,6
7980,3,3
5418,8,8
4273,5,5
7863,0,0
8460,8,8
1820,8,1
5765,9,9
7932,9,0
6632,7,7
6145,2,3
3875,2,1
7753,9,9
8933,6,2
2053,6,2
3196,7,7
504,9,9
6646,5,5
8574,4,7
798,7,3
923,9,9
3513,3,6
1596,0,2
9712,5,5
2414,5,3
9587,7,9
3987,1,1
4075,2,2
9816,1,1
681,6,6
6972,1,1
3854,8,8
5667,1,1
3699,9,9
3831,5,5
3627,4,9
6716,8,0
4281,7,2
2899,9,7
3775,6,6
5934,3,7
6262,8,8
67,2,0
4111,4,9
9834,8,8
3787,3,3
183,2,4
5993,8,8
2212,2,2
1969,1,9
7118,5,5
4519,6,6
3852,2,2
7779,5,3
2970,5,3
1152,0,0
4288,1,1
8683,7,7
7905,3,7
1838,6,0
5414,4,4
2222,6,4
3118,6,6
8205,2,4
8357,0,4
7504,6,6
3212,6,6
6841,1,1
6766,8,8
2929,1,1
912,0,3
1598,5,5
6848,9,9
2286,3,3
6067,8,8
6050,2,4
7164,0,0
8072,3,3
7238,4,4
3434,5,7
4993,7,7
1712,0,0
9823,5,3
3477,6,6
8982,2,2
9775,9,9
8593,1,1
8972,9,2
2767,5,0
8504,1,1
2324,0,0
2429,8,8
3577,9,9
2654,5,5
4357,4,4
8668,3,8
3683,8,8
9914,8,8
8607,8,8
6363,0,0
1538,3,8
6895,2,2
4102,0,0
3634,3,3
1975,6,6
1991,1,1
7696,0,0
2169,8,8
4693,4,3
5437,0,9
5421,6,6
1710,4,4
7976,7,7
4402,4,4
7776,5,5
7752,9,9
3519,8,5
8581,8,0
707,9,1
5153,7,9
3284,4,4
3037,8,8
9099,9,9
2868,9,8
2334,1,1
6447,4,7
9872,0,0
7720,5,5
4856,7,7
514,5,5
56,7,3
1505,2,7
4657,7,7
7502,8,8
8006,9,9
8285,9,9
5375,1,1
4652,3,9
1697,9,9
3116,7,7
8936,9,9
8684,2,3
3004,4,4
8450,9,1
2348,4,1
6296,8,8
5871,6,4
3348,1,1
2540,2,2
4177,6,6
3729,8,8
8043,0,0
8210,0,0
8666,0,0
359,0,0
8352,5,3
2365,7,5
2103,1,1
9357,9,9
6102,3,5
73,8,8
4868,0,0
7822,2,4
4765,3,6
9485,7,7
140,6,6
9114,8,1
769,4,0
9717,9,9
5739,2,6
2994,8,8
1775,3,9
9916,1,1
5005,5,5
5476,6,6
8818,3,7
8762,8,8
3648,7,7
8028,1,1
599,3,3
6588,0,8
7596,3,5
3393,5,4
5983,4,4
5213,3,7
6538,3,2
1666,6,6
2323,8,1
5981,7,4
8840,2,2
5434,6,3
5698,7,5
8449,1,1
385,8,0
9629,1,1
1428,7,7
5210,5,3
297,0,0
7748,0,0
2933,4,4
6741,9,0
7227,7,7
8212,5,6
2833,0,0
4041,7,7
3741,2,2
3618,4,2
1217,4,3
6748,0,2
8795,0,0
5336,3,3
9763,1,1
8030,2,0
6304,0,0
512,6,6
6601,0,0
4451,2,2
1366,8,8
4695,8,8
400,9,9
3021,8,8
9313,7,7
7520,4,4
718,4,4
8417,1,1
8031,0,8
216,7,0
207,5,5
596,7,7
23,9,9
5721,0,0
3707,6,4
4415,0,0
7469,6,6
9997,5,5
6195,1,1
5249,8,8
1132,2,2
6559,2,4
3207,0,2
9844,5,3
9933,7,5
737,4,0
6327,4,4
6285,8,0
9622,5,7
7191,7,7
9978,7,4
5717,6,6
2945,7,7
3204,5,3
391,2,2
6805,1,1
7488,2,2
5821,8,8
7737,0,8
7515,8,8
2186,9,1
4108,2,4
8096,3,3
7054,2,2
7076,9,9
8224,3,6
6350,0,0
9022,3,3
9495,0,0
2339,2,4
5359,6,6
8451,5,4
5562,4,7
9212,6,6
2147,7,7
4528,5,4
1844,9,9
3045,5,5
1178,6,2
5174,6,6
4879,6,6
9316,3,3
6167,9,9
6904,5,2
6765,8,8
5162,7,3
7840,1,1
649,5,7
9453,3,7
9934,4,4
3609,9,9
3467,0,0
3274,1,9
4505,4,4
762,6,6
3089,8,8
5554,9,8
9989,2,4
1873,6,3
4434,2,0
4239,4,4
2361,2,2
1468,3,3
4006,8,8
3540,6,6
7562,2,3
6771,5,5
4127,6,6
727,3,5
8314,6,6
746,6,5
5444,7,9
8174,3,7
1151,2,2
4635,7,7
9328,6,3
83,7,7
4529,4,4
4841,1,1
6800,6,4
8534,6,6
2572,6,6
9179,1,1
9072,9,9
7435,7,9
9861,6,6
6744,3,3
9964,2,2
3360,4,4
8388,1,1
5078,8,8
6916,4,3
3710,2,2
1633,1,1
5811,7,7
1109,0,1
1976,5,5
9036,4,7
3290,5,5
9638,2,2
4356,0,0
8647,4,4
5100,3,5
6379,8,8
3380,8,8
9215,5,3
1531,7,7
8658,3,5
1600,8,9
9452,2,4
9564,9,9
4388,2,0
1214,5,5
7880,0,0
7548,6,6
9250,3,2
4739,6,3
6502,6,3
1853,9,9
6942,3,3
6970,0,0
3636,4,6
2876,9,1
484,5,5
9063,7,7
9599,7,7
6685,1,1
9659,4,7
2792,0,0
8130,6,6
1420,4,7
5387,3,6
339,7,9
7213,6,2
1438,5,1
5007,3,3
3486,6,6
5876,6,6
987,1,1
5716,0,0
5275,2,2
1571,5,7
3986,7,7
2445,6,6
6228,4,7
1232,1,1
8047,0,8
211,4,1
1604,1,1
2889,7,5
6602,8,8
7838,0,0
7043,6,6
5,6,6
1867,6,6
1012,6,2
7538,5,5
1010,0,0
3180,3,6
1819,0,0
6235,6,6
4531,1,1
1676,8,0
9187,4,4
7096,0,0
3698,8,8
4460,9,9
7527,6,6
7924,3,5
8612,4,4
3993,6,6
6280,8,5
2201,5,5
1279,8,8
9079,1,1
5965,7,7
5268,3,3
3405,7,7
3435,6,6
794,7,7
8085,2,2
7786,9,9
9531,6,6
7287,5,5
8385,9,1
8887,4,4
9076,6,6
5396,1,1
3496,5,2
7349,3,3
8747,2,2
3423,8,8
856,7,7
2741,6,6
2396,1,9
3897,0,0
4092,7,7
9737,5,7
5311,9,9
2674,0,0
2336,9,9
836,1,1
6631,7,3
8263,5,5
4067,1,1
3708,4,6
2958,0,8
8300,5,3
3095,4,6
643,7,7
2315,2,2
2649,6,6
2551,2,4
4563,7,5
7493,5,5
4213,4,4
5992,4,7
4003,2,0
5679,0,0
9273,0,7
5625,5,5
3181,9,9
8494,1,1
128,5,3
1788,3,6
1084,5,2
2406,4,4
2584,6,6
6729,0,0
2152,7,7
498,2,2
3900,3,0
2279,9,9
5312,5,5
3457,4,4
4738,5,5
3864,3,9
2552,9,9
8689,6,2
4294,0,0
9956,0,0
2036,5,3
4065,4,4
1138,5,7
7623,1,9
9780,4,4
6506,5,5
7078,7,7
7758,7,7
4289,7,7
5505,4,4
8652,9,1
3719,5,5
6089,7,4
7609,0,9
1638,4,4
6745,7,7
1496,2,4
2707,6,6
332,3,6
2968,0,0
9727,6,0
6664,4,4
591,9,1
6319,7,7
5125,1,1
2555,7,9
7852,5,7
7178,0,8
4231,2,0
5281,3,6
127,3,3
441,4,4
1517,1,1
7214,3,5
9786,6,1
4235,9,9
6373,6,6
6366,8,8
7868,8,8
3414,3,2
552,8,8
6859,3,2
7537,4,4
1759,5,5
2380,8,8
8896,8,8
2134,4,5
685,6,4
9320,9,9
271,3,3
2432,9,9
6707,2,2
6939,2,2
3518,5,5
6406,3,9
9936,8,8
4911,8,8
4703,4,4
9904,0,0
9276,7,7
1301,1,1
3552,8,8
8343,3,3
1943,8,8
2993,0,0
4263,6,6
3259,3,3
7365,4,4
7230,2,2
2972,3,3
3424,5,5
7329,1,9
8728,6,7
299,6,6
6772,0,9
7902,2,2
1078,0,0
1260,1,9
5370,6,3
6901,2,9
5763,9,9
2450,1,1
2494,5,5
9019,9,9
8,3,3
3944,7,7
1960,2,5
3114,2,0
9831,2,0
1977,5,5
7767,9,9
8362,3,7
564,2,4
1567,2,7
4585,8,1
364,9,9
5510,4,4
8731,9,9
7771,2,0
997,1,1
2927,8,8
6064,5,5
2921,8,8
8649,2,2
1660,3,4
2310,6,7
6288,6,6
1331,8,8
1880,1,1
3929,3,3
8715,2,2
4118,0,2
4224,5,5
1166,3,3
1155,9,9
4004,0,0
5770,8,8
2556,6,6
5565,3,6
2454,1,1
8735,3,2
8507,8,0
9042,1,1
1843,8,8
446,5,5
752,9,9
3016,4,4
4283,6,6
465,4,4
6978,4,3
8034,9,9
5836,8,1
1930,1,1
7308,4,4
3099,9,9
384,2,5
6677,5,3
4101,2,4
7140,4,4
4613,1,1
5317,4,4
8566,4,2
2337,7,7
786,3,3
6535,5,5
7107,2,4
8913,8,8
2137,2,5
5291,9,9
4742,8,8
8627,7,7
830,1,0
2810,9,9
5230,8,8
844,1,1
6730,8,8
7347,0,0
5838,4,7
71,6,6
5132,1,1
2319,7,7
6811,9,9
3623,5,5
4492,8,8
1755,7,7
2412,6,6
3507,4,4
2046,3,5
6578,6,6
2104,6,6
676,3,6
1140,6,6
4601,2,2
4053,4,4
3801,2,0
2102,0,0
7108,2,5
2499,6,2
7526,9,9
3737,2,2
8999,3,3
8856,0,0
1805,8,0
1160,8,0
4355,0,3
6717,0,0
4510,0,0
4783,4,4
433,7,7
3261,0,0
4859,6,6
311,6,6
9575,5,5
8893,6,6
7998,2,0
8648,1,1
5700,3,3
4881,8,0
5057,2,4
1785,0,2
3563,6,6
5575,3,3
9254,7,5
8616,3,6
5138,8,8
3090,4,4
4191,9,1
3665,7,7
3244,7,7
5044,5,5
2938,2,2
8418,8,8
5287,7,5
2679,0,0
913,4,5
1454,3,5
5331,2,2
8430,9,1
260,8,8
6429,8,1
6387,2,4
15,8,8
9505,3,7
4924,7,9
3169,9,9
7390,6,6
9222,7,9
3752,3,1
1131,1,1
7775,2,7
1081,6,6
2367,4,9
7617,2,0
3685,2,2
7147,5,5
3428,2,3
4201,1,1
2156,8,8
6281,1,1
5611,5,3
4599,8,1
5835,3,2
9319,3,5
9258,9,9
3334,5,2
7844,9,9
8963,6,6
8250,6,2
944,0,0
7825,3,6
563,2,4
6220,2,5
1398,7,0
4728,7,7
4830,3,5
7643,8,1
6644,0,0
5107,9,9
1299,7,7
9272,0,0
9851,6,6
3164,0,2
6590,5,7
1980,9,9
7677,6,6
7608,5,5
3952,4,4
5561,6,6
8775,1,1
7215,1,1
4886,3,3
4743,6,6
2394,6,4
5615,5,5
1227,3,5
6654,4,6
1344,9,9
2281,5,5
4618,3,2
5607,6,2
7950,9,9
2676,4,4
4668,6,6
7313,3,3
663,6,4
758,2,2
7367,3,5
6844,7,7
17,7,9
8112,3,2
4963,3,5
35,2,1
4132,4,4
481,6,6
7193,8,8
229,6,6
6869,5,3
1090,0,0
6051,4,7
5866,4,4
689,0,6
7325,4,4
2058,0,1
5520,4,5
4741,1,1
2917,4,4
6710,3,6
1608,4,2
2059,9,9
9186,7,7
9398,8,1
3141,9,9
1536,5,9
3585,8,8
4495,3,5
8341,6,6
1202,2,2
6637,9,9
9774,5,3
8024,0,0
1211,6,6
5682,5,5
2799,8,8
7331,5,5
8565,7,7
2416,6,4
3693,6,3
9617,8,0
994,6,6
5438,7,7
6618,0,0
2250,7,7
929,0,0
5725,5,5
1921,2,0
1870,2,2
247,9,8
1236,7,3
9261,5,5
5592,3,3
137,7,7
8429,4,4
8745,5,5
3669,5,3
3963,1,5
4109,5,3
9502,6,6
4530,5,5
1435,1,1
6946,6,6
9125,1,1
7063,1,1
2782,0,0
9723,7,7
2802,6,6
5690,7,7
2498,3,3
5371,7,7
8115,5,2
3339,9,9
9666,3,3
6648,0,0
9277,3,3
3460,1,1
6057,0,0
7673,5,7
4428,8,8
3266,7,7
5787,0,1
5776,5,3
6698,3,3
5207,8,8
5884,4,4
3938,8,8
4398,4,9
2351,1,1
2031,1,1
5896,8,9
4962,3,1
906,1,1
7134,4,6
261,1,1
6267,9,9
5731,6,6
9566,9,9
5390,1,1
5879,8,8
5036,0,0
9466,8,8
7909,1,9
9213,2,5
2845,5,4
3171,0,1
1522,4,4
2172,5,7
9147,9,9
1392,2,2
3722,7,7
959,8,8
6012,4,4
9058,5,5
9889,8,8
8091,7,7
9411,7,7
5521,9,9
8349,4,7
141,5,5
1954,2,0
7336,5,5
7499,9,1
6468,8,8
3561,7,5
4898,6,2
858,7,7
7465,0,0
19,6,6
2327,1,1
4344,4,7
2422,3,4
7632,0,7
2197,6,6
1374,2,0
3572,3,3
7077,0,0
8127,9,9
8075,8,8
2984,2,4
6777,2,4
3958,9,9
6106,2,2
5628,8,1
8847,5,4
2715,0,0
8695,4,4
1275,3,3
9018,8,2
6155,8,0
9052,0,0
6419,9,1
3905,2,0
1452,6,6
8785,8,0
1928,4,4
6846,9,9
8826,8,8
3326,4,4
3821,8,4
8646,2,7
9372,7,7
4873,2,0
5026,4,4
7869,0,0
8575,9,9
3704,5,2
9223,1,1
8723,5,7
7423,6,6
134,1,1
1085,4,4
6822,4,2
1575,2,2
8857,0,9
1094,6,5
4098,9,1
1353,3,4
9811,1,1
8179,4,4
5943,3,5
9015,8,8
1542,5,5
4373,0,0
6284,0,0
3143,3,3
5654,4,7
850,7,5
9600,8,8
9835,7,7
3468,2,2
4857,6,6
1185,1,1
9718,9,9
9441,4,4
3943,0,0
2275,6,6
6249,5,5
6003,0,0
3965,0,0
7261,8,8
7512,9,9
9744,1,9
7131,6,6
4925,5,5
612,8,8
8842,4,4
7232,9,9
8192,5,5
5740,6,2
2167,7,7
3846,9,9
3956,3,4
4756,6,2
6352,2,2
1355,5,3
8733,7,7
2353,4,4
177,7,7
9053,5,5
7456,7,9
4997,3,3
810,5,5
5964,9,9
1763,2,0
4942,5,2
390,1,1
3166,9,9
5342,8,2
6183,5,5
7662,5,3
3303,8,8
2919,8,8
4134,1,1
6289,9,1
5135,1,1
3279,8,0
8928,4,2
9951,0,0
9640,5,5
6365,7,7
7263,5,5
3132,5,3
9762,6,6
1648,8,8
5858,7,7
5292,4,7
33,5,3
4533,8,1
621,7,7
5655,3,5
8271,3,3
1346,3,6
9678,3,5
7989,7,3
9512,0,0
6494,0,2
7999,6,6
9389,8,8
8491,3,5
6251,1,0
1908,5,5
4609,8,9
646,3,3
2345,1,1
5824,7,7
3951,1,1
9923,7,9
803,7,7
1262,8,8
2118,8,8
3040,7,7
3011,3,3
1973,0,0
4894,6,4
1395,3,3
1845,7,7
9278,7,7
5538,7,7
1285,9,9
2503,8,8
2721,8,4
691,2,2
5070,7,5
9520,1,9
5574,7,7
6009,3,3
9903,6,6
4906,5,2
3706,4,4
9541,4,4
4721,1,1
8825,0,1
8520,8,8
6692,6,6
4100,7,7
936,2,3
2905,4,7
2393,1,1
1839,7,7
1511,1,1
9141,3,3
877,2,5
1449,6,6
8568,7,7
1100,7,8
4638,6,6
9751,0,8
9488,6,6
9365,6,6
2635,6,6
9813,1,1
7629,6,6
345,5,5
7394,1,1
1104,9,9
1935,6,4
4671,6,6
6823,5,5
730,4,3
3555,6,5
2404,0,7
6746,2,5
9571,6,6
4351,8,0
5523,6,6
2648,4,7
7726,4,7
7383,4,2
7198,9,9
2560,7,7
3151,8,1
4832,4,4
3462,2,9
9090,2,6
9166,6,3
9109,3,3
8126,4,2
7739,9,9
2043,8,8
9504,6,6
7644,3,3
6598,6,4
3560,1,9
6954,7,0
2787,3,6
4699,5,2
9209,9,1
9668,4,7
2628,0,0
2842,7,7
7920,9,1
4869,8,8
6473,9,9
4958,4,4
414,1,9
129,2,0
7782,8,8
2817,9,9
7133,1,1
116,0,0
4255,9,9
5140,8,8
3635,4,4
8778,3,0
1637,5,5
3834,8,8
8606,1,1
2567,4,3
3776,9,9
8234,8,1
2232,0,5
4577,6,6
7626,1,1
2347,8,8
7399,3,3
5270,1,1
5529,3,8
9857,0,1
1826,8,8
9679,2,5
5018,4,7
5614,8,8
4764,5,5
749,5,3
3558,5,5
1381,6,6
3714,3,5
7615,5,3
2453,3,4
7901,1,0
9626,1,1
9461,4,6
9812,3,8
974,7,0
1362,5,5
3230,3,5
4165,8,8
5204,3,9
1110,2,0
4972,8,2
7358,8,8
554,9,9
6184,1,1
1255,4,4
3437,7,7
500,4,4
7400,3,5
7723,3,4
3549,1,1
3873,9,9
6023,5,3
6909,4,2
1829,1,8
7591,6,4
6013,6,6
3033,1,1
3571,5,5
7897,2,0
7031,0,0
417,7,7
1583,1,1
4214,7,7
5837,2,2
2658,7,1
1595,3,5
4365,9,9
9193,0,2
2597,2,5
8384,2,3
2009,1,1
6364,3,1
8157,1,1
4496,8,8
7552,4,7
6801,6,6
5320,7,3
2965,7,7
2285,3,5
7710,9,9
77,3,3
6499,7,5
6555,1,1
8685,7,7
5029,3,3
9946,0,0
1576,7,3
1127,8,8
7340,2,2
4205,4,4
8852,7,7
2532,0,1
7352,3,3
4172,5,5
6998,8,8
3000,5,5
7804,5,5
2942,5,5
2363,2,6
6609,5,5
9074,4,4
5772,9,9
8613,6,6
7522,9,9
7619,5,3
467,3,3
1629,9,9
8621,1,1
1797,1,1
7380,7,7
6302,0,0
6035,5,3
5820,5,3
9720,8,6
7454,0,0
8283,1,1
4260,8,8
3803,8,8
4000,8,0
3232,7,2
8017,0,0
8559,1,1
3052,3,2
2342,5,3
1380,4,5
3209,7,5
9236,9,9
3649,3,3
1210,0,0
7910,3,5
6094,5,5
7052,1,1
4175,3,9
9523,5,5
526,0,4
6671,5,5
7371,6,6
1914,9,9
7826,9,1
4667,0,0
7312,2,2
6527,5,5
2267,6,6
4268,4,7
476,6,7
6229,6,6
1587,2,0
8310,3,3
7272,1,1
4238,5,5
6453,8,8
4404,3,6
763,0,0
4104,0,0
5598,1,1
4345,6,2
8308,2,5
5857,0,0
1086,4,4
1893,9,9
8672,7,3
1565,6,6
3269,7,7
4776,3,5
2751,2,5
5686,6,2
4354,7,0
2854,9,7
3201,6,5
9925,4,2
4808,3,5
2746,2,2
4955,2,8
5382,0,0
2973,0,0
8809,8,2
524,0,0
8256,8,8
6082,0,0
5261,2,9
6992,4,5
7048,2,2
4904,9,9
1776,0,0
1578,6,6
3853,9,9
6931,5,5
5839,2,6
399,3,1
7858,2,5
4252,9,9
6512,2,3
4989,6,6
8524,6,3
1501,2,3
9314,6,6
501,6,6
1972,6,6
5152,9,9
4560,1,1
4986,8,0
7496,3,4
4849,5,5
4509,7,7
9917,2,3
4137,4,3
9905,1,1
1470,7,0
8901,5,7
4616,4,4
9652,5,2
8792,6,6
6103,6,6
4901,0,0
1664,0,0
6477,4,7
534,6,6
6170,2,2
8563,0,7
1053,3,5
8763,9,9
4550,9,1
8739,3,6
3262,2,0
8365,6,6
1336,4,4
1856,8,8
2229,4,4
3918,6,6
1895,8,0
9498,3,6
9221,7,7
4474,0,9
9145,1,1
3115,5,2
1488,8,8
5818,7,7
7849,2,0
6896,6,6
7663,2,4
7194,8,8
7501,9,9
952,6,2
7403,4,4
3412,0,0
4749,2,3
4631,5,5
1147,6,1
8098,1,9
4427,2,4
8185,0,0
7234,9,9
8467,3,5
8468,6,6
4480,9,9
3359,7,5
3837,9,9
5308,9,1
2983,5,5
3766,4,7
2089,7,7
3267,3,3
7766,4,6
1445,3,3
8490,3,3
1276,5,1
6549,0,8
5633,4,4
9915,2,2
2426,2,2
7156,1,1
3389,1,1
6785,6,6
1515,2,2
122,1,9
2355,9,9
3510,4,4
7993,2,2
6074,4,4
2918,2,5
3362,1,1
6239,6,9
3569,9,6
2853,9,9
3319,2,2
5490,3,5
4779,9,9
1037,7,7
4499,3,9
883,0,0
6738,0,0
8171,6,6
7448,9,9
4998,5,5
2803,5,5
5632,3,9
9924,4,8
8555,5,5
4858,2,2
6311,3,3
647,4,2
9347,8,8
1713,8,1
6575,3,3
1196,2,2
5060,6,6
3331,8,8
8397,0,0
3959,5,5
5357,0,0
2780,7,7
5304,7,4
2399,8,8
8730,2,2
5989,8,8
5940,7,2
4064,7,7
957,3,5
669,3,2
6173,1,1
387,2,5
7705,7,7
1026,0,0
9847,0,0
3086,9,9
7129,1,1
9082,2,3
6286,8,8
9345,1,1
639,5,5
9413,0,0
1766,6,6
7603,9,9
4520,3,3
4151,6,2
8111,5,5
6454,4,7
6657,7,7
124,8,8
5485,8,8
2443,2,2
1646,0,0
9160,5,3
3508,3,3
258,0,8
742,0,0
7175,7,7
7072,8,8
1516,4,4
1441,4,2
7128,7,3
2619,7,3
5779,3,3
8837,1,1
1579,0,0
9909,1,1
6669,5,4
5315,9,9
1030,3,3
8926,4,4
1379,7,4
126,8,8
7961,3,6
5337,5,5
6922,2,6
9381,2,4
6054,3,2
5202,9,1
6804,9,9
3533,2,2
3073,3,5
3175,1,1
2086,1,1
6105,0,0
7787,5,5
68,3,3
9547,4,4
37,1,1
4399,4,4
9588,1,1
9886,4,4
5613,5,5
6759,1,9
4565,2,7
3694,2,0
7217,8,1
5454,0,0
6504,7,7
6100,1,1
2431,8,8
429,6,6
8925,0,0
1696,4,0
5141,6,6
9721,6,6
7738,2,2
2162,5,8
8767,7,7
6260,2,8
9167,7,7
9625,2,0
5327,0,2
4456,7,7
5096,7,0
8653,8,8
9396,5,0
5283,4,7
1198,7,7
4022,6,6
3307,9,9
8846,6,6
6826,6,6
7968,8,8
2466,2,0
5240,1,9
6190,4,4
4802,0,2
4114,4,6
494,1,0
3242,4,3
2794,0,5
6912,3,9
9875,9,1
6330,6,6
7046,9,9
8227,7,9
6000,8,9
5298,5,3
7420,3,2
6310,5,5
6203,3,3
3071,7,7
4602,1,1
5878,4,5
4322,4,7
9305,5,4
4606,0,2
8392,6,4
5462,0,0
2516,2,3
3757,4,1
4604,4,4
9265,1,1
7740,4,2
8986,6,6
4854,0,0
46,3,3
8190,4,6
7431,9,9
5151,9,0
5069,9,9
1750,8,8
2692,8,8
9087,3,9
2843,1,0
2000,1,1
9467,2,9
4769,8,8
168,5,7
551,5,2
8348,6,9
6711,5,5
1096,7,7
362,8,8
7244,5,5
285,9,9
7248,4,4
1230,5,0
6287,5,5
5009,7,7
9973,0,8
7240,0,8
5066,4,4
6336,4,4
7549,3,5
2434,0,9
1898,0,5
5771,2,2
8303,8,8
5483,1,9
3506,2,6
9993,5,3
3674,3,2
5091,0,0
232,5,3
2902,9,1
4704,9,9
9,1,1
1204,6,6
7003,7,3
9802,0,0
7649,2,3
6932,9,9
6915,1,1
5184,4,5
5606,7,9
6701,1,1
8360,7,7
2700,9,9
32,4,4
6551,4,4
7521,2,2
6078,2,2
4813,8,8
7200,4,6
9977,5,5
4711,9,9
4999,1,1
6693,6,6
86,2,2
2020,9,9
2273,5,5
1369,8,8
5475,0,0
5567,6,6
5511,3,6
5085,2,2
6101,9,9
8113,6,6
7087,7,7
8974,2,2
2260,4,7
4490,0,0
8094,1,1
9864,8,0
3464,9,1
7935,7,7
9583,9,0
5812,4,3
6652,2,2
9509,4,7
9054,8,8
1473,7,7
7144,8,8
9865,1,1
8229,8,3
4071,3,2
3901,3,8
5701,3,3
3624,2,4
6161,4,6
1289,6,6
2789,9,1
3718,8,8
5054,9,9
8659,4,4
7995,8,8
1978,6,6
6269,7,7
1658,4,4
5305,7,4
9243,3,5
4471,5,5
4162,0,8
3645,1,9
5427,8,8
1668,9,9
9198,3,3
8297,1,1
192,0,0
2605,4,7
8331,3,2
8161,5,5
9792,8,1
7256,4,4
4579,6,6
58,4,4
6497,4,4
3760,7,7
9474,8,8
3452,5,3
3149,1,1
9108,2,2
9619,8,8
6417,1,1
1732,9,1
1022,0,0
706,2,0
1754,7,9
2458,8,8
9391,9,9
8801,4,5
3100,0,0
6773,2,2
3994,8,8
988,2,2
4411,5,3
7464,8,8
9750,2,4
5560,3,3
2879,0,0
5272,3,5
8569,6,6
3607,3,2
2667,1,1
7027,5,9
5638,4,4
2199,2,2
1915,9,9
4368,4,4
3969,2,4
1444,1,1
838,9,9
9204,9,8
3859,3,3
2811,2,2
3163,9,9
2474,6,6
764,1,1
2672,0,2
1547,2,2
7249,9,9
5329,4,8
333,6,6
9119,4,4
7607,0,0
6762,7,2
4578,4,4
5130,5,2
8484,3,1
1588,5,5
5041,9,9
3036,9,9
3060,7,7
184,3,2
636,8,8
341,6,6
5465,7,7
7931,9,2
7344,4,6
9003,3,6
7265,5,5
9168,2,2
2120,4,8
6659,1,1
9189,4,5
1345,4,4
982,0,5
547,6,6
7936,1,1
2749,0,0
7762,7,7
2125,1,0
7375,2,5
2090,2,2
7934,8,8
7026,3,6
1406,9,9
3013,3,3
4556,2,2
5412,6,6
7694,9,9
3982,9,9
4892,7,7
3633,3,3
8688,8,8
5420,6,6
670,6,6
5778,7,7
8518,9,9
4329,6,3
6395,8,0
3343,3,5
2063,1,1
3620,0,0
2812,0,0
2217,8,8
771,1,9
9974,1,1
6297,5,5
7888,7,7
5235,1,9
7094,4,4
6629,0,8
9612,4,2
4975,3,3
700,7,7
3023,3,7
7718,0,0
9853,5,2
7678,8,8
4441,1,9
2439,1,1
7197,4,3
6563,6,6
8958,6,4
1068,9,9
8502,1,9
3213,9,9
893,6,5
6293,3,3
660,9,9
9034,2,4
5999,2,4
961,1,1
9481,2,5
5661,4,7
5921,7,7
1967,7,7
5768,7,7
6398,6,4
9494,9,9
7468,8,8
1469,7,3
7957,4,4
3482,7,7
1357,9,1
4462,2,5
9219,9,9
879,7,7
397,3,3
4786,6,8
9285,8,1
7202,3,3
2913,0,0
694,8,8
9756,5,7
6117,1,1
6747,8,8
1153,8,8
3156,9,9
8970,0,0
7601,8,8
1244,5,5
1079,6,6
1806,1,9
3111,0,0
6215,2,0
7992,6,6
9546,6,6
9561,0,0
1671,8,8
3709,5,5
4271,1,1
5901,5,3
7219,7,7
4383,4,4
8437,7,7
6550,1,1
1105,4,3
1724,4,2
1791,4,6
9026,9,0
7803,0,0
5706,7,7
2261,3,3
9216,6,6
2723,2,0
5115,5,9
8561,8,8
9323,1,1
3131,7,4
9152,4,4
2662,6,2
8087,2,5
9661,5,5
8764,1,1
3869,8,8
8456,4,4
9242,7,7
6508,0,0
2428,6,6
8424,5,5
5137,9,9
6090,1,1
7307,8,8
6307,4,7
2055,5,5
2074,2,2
9615,6,6
2505,7,9
3829,8,8
7343,7,3
946,0,0
8323,9,9
3500,1,1
6976,3,2
2898,8,1
7023,2,2
8040,2,2
1249,4,4
996,8,0
5068,4,5
8242,5,5
9922,5,3
5998,7,7
7828,5,1
4747,5,5
9031,0,8
3250,2,6
6,1,1
1103,0,0
2525,5,0
9979,3,3
64,6,6
5402,4,4
5911,6,6
7659,2,5
1442,3,5
5290,3,5
1929,2,4
4013,1,3
9734,4,7
8814,9,9
3847,0,0
989,0,0
2823,3,0
8579,1,1
9126,1,1
195,2,4
2796,7,7
2271,9,8
6724,9,9
766,7,7
8316,5,2
5861,1,1
2225,7,7
1134,1,1
9841,0,0
3124,6,6
1225,6,6
8585,9,1
9876,0,0
5684,7,7
8042,7,7
7479,6,6
9996,3,3
8914,4,4
9988,8,8
2023,5,3
401,8,8
560,0,0
804,4,4
224,3,7
6148,4,4
7266,2,4
9635,7,7
7427,2,2
2636,1,1
4253,9,9
2906,1,1
3810,3,3
6930,2,0
8897,2,2
8642,3,6
43,6,6
1490,8,8
4445,9,9
5681,3,2
8038,6,6
6359,2,2
3891,1,9
6041,7,1
6525,3,9
8461,7,5
4523,4,4
1472,7,7
1396,1,1
438,3,5
3229,9,1
780,9,9
7083,6,6
5358,1,1
6770,1,1
8836,4,4
1226,6,6
1310,0,8
4353,6,2
4910,8,1
1048,1,1
8071,4,3
1771,2,4
3287,5,7
9704,2,5
8545,6,6
3294,0,0
2897,3,3
1545,1,1
8786,3,3
8719,2,2
3224,6,6
2594,0,0
7539,5,3
2003,5,5
8937,7,3
4521,9,9
1956,7,7
1592,4,5
4503,7,7
8401,3,2
5431,1,1
1749,2,4
9271,0,0
1996,3,5
5020,8,8
2747,3,8
970,9,9
1605,3,2
7013,1,1
1192,6,6
4718,3,5
8408,6,2
2457,6,6
6883,7,4
1370,9,1
6227,7,5
9795,4,2
2504,1,1
8584,1,1
230,5,5
5362,2,4
729,5,5
2763,4,4
659,1,1
5927,6,6
1296,7,7
300,6,6
8598,3,3
5322,4,4
2732,7,7
3257,7,5
9731,2,6
4147,3,2
9995,8,3
7668,5,5
325,1,1
8654,2,3
8927,9,9
5334,6,4
403,8,8
745,7,7
2991,3,3
622,1,1
6147,9,9
8168,6,6
1014,3,3
7258,5,5
1088,3,3
2888,7,5
8886,4,5
1526,4,5
5302,0,0
6510,4,7
6633,0,0
3236,5,3
7750,3,2
3955,0,0
3448,6,3
1243,8,5
8949,7,9
7876,1,1
738,1,1
392,6,6
9067,9,1
5118,2,2
4287,0,9
4408,0,1
370,4,2
9256,0,0
121,3,7
3981,5,3
8714,4,4
4023,4,7
151,9,9
3200,5,7
1735,0,0
1339,5,3
6918,4,4
4878,7,7
4818,3,9
5997,0,0
2440,7,0
642,0,0
1183,0,0
7721,2,2
4966,5,5
6706,6,3
9674,9,9
1440,0,0
8950,9,9
4834,4,3
287,0,8
7010,0,0
2600,8,8
3594,3,5
8041,8,2
6625,4,4
8207,7,7
3773,2,5
9585,4,4
8589,5,3
3148,0,8
5908,3,2
5724,5,5
537,2,6
4431,1,1
5124,0,0
2952,3,3
2857,0,0
2642,7,2
2178,3,3
3046,8,8
6217,8,8
6583,0,0
9462,2,0
4200,4,4
3140,8,1
1129,3,2
4284,9,9
274,8,8
9379,7,7
6621,0,0
5103,7,9
1165,0,0
6337,9,9
7053,1,1
6171,4,4
6688,1,0
1032,6,6
4444,8,8
9644,0,9
8597,5,5
1876,2,2
4318,1,1
70,2,2
4766,1,9
7374,3,5
9828,9,1
9199,9,9
664,3,3
4461,0,0
7229,2,3
3650,0,4
2302,0,0
6265,4,4
20,7,7
5092,9,9
169,0,0
8711,4,4
8415,0,0
1358,8,8
8219,3,6
3626,9,9
1504,1,1
9093,3,5
5904,7,7
6254,4,4
5832,9,1
5349,3,3
4412,7,7
1123,3,3
2375,0,0
9431,3,5
4940,6,6
1958,6,6
5139,6,6
1718,0,8
7853,3,4
3792,0,0
814,0,1
3894,7,7
9196,0,8
8158,8,8
218,8,0
6700,6,6
9890,0,0
2483,2,2
574,6,3
321,5,3
9803,1,1
3342,0,8
4173,4,3
5017,7,9
5932,4,4
2209,4,4
8286,7,5
3544,1,1
1695,9,9
868,0,0
2175,3,5
4899,2,0
7467,6,6
3042,8,8
3840,6,3
6206,5,3
8142,7,7
3763,8,0
1424,9,9
5316,4,3
7132,4,2
6641,0,8
7508,2,2
8603,1,1
5514,2,0
5259,0,0
206,0,8
7286,2,2
7260,1,1
2233,3,5
5722,0,0
8023,3,3
6442,6,4
8833,6,5
2521,9,3
4282,3,3
7252,8,8
4247,5,5
2491,9,0
7461,9,9
82,1,1
7517,2,3
892,7,7
5556,6,6
3822,4,4
4315,6,2
3475,0,0
8264,2,2
4544,7,7
2056,5,5
1506,5,7
2776,7,7
2554,4,7
3695,8,8
5649,0,0
7337,6,6
4392,5,2
3350,8,8
1841,9,1
8241,3,0
1161,0,0
2045,1,1
6678,7,7
8784,4,4
6475,2,3
6842,3,0
3401,2,0
8696,8,8
7879,3,3
2282,9,9
9521,2,2
4745,7,1
1483,6,6
3205,8,8
7428,0,0
571,7,7
3112,0,0
2506,3,0
2722,5,4
8423,6,6
8832,6,7
5318,1,0
4308,0,0
2523,4,3
7419,0,0
237,0,9
4707,7,9
2371,4,8
9897,8,8
9292,3,7
8533,6,6
1188,0,0
2704,0,1
6719,2,9
5738,2,2
3562,8,8
4826,3,3
3422,2,5
4623,5,5
7288,7,7
8469,5,5
7891,6,6
6346,8,8
4798,4,0
6827,3,2
8247,6,6
5175,6,6
8095,2,0
6024,2,5
1691,8,8
9806,8,8
7385,9,9
9162,1,1
3188,4,7
4650,6,2
9103,7,7
7899,7,7
1201,7,7
7871,0,0
6326,7,4
7881,3,4
8459,9,1
3315,3,3
111,0,0
5870,7,7
228,7,5
8635,6,6
1594,3,7
9197,1,1
5907,5,5
3817,8,8
479,4,7
5494,9,1
8059,3,3
3254,3,3
7533,0,0
8399,5,7
3715,1,1
7402,0,9
8851,0,0
1258,1,1
9073,4,4
4160,5,3
9682,7,7
3187,7,7
9642,0,0
2467,9,9
8143,9,9
5278,0,2
9014,7,5
6656,6,3
2630,2,6
4928,9,9
1206,1,1
8987,2,3
5373,2,2
6354,7,9
7652,0,0
8558,2,2
9089,3,3
9016,1,1
405,4,4
6323,2,2
6686,9,1
1503,4,5
6222,0,0
4195,3,3
9891,2,5
2955,2,3
6786,3,2
4031,4,4
5950,9,9
3497,0,0
1673,2,2
4485,3,7
6031,5,5
4113,0,0
8816,7,4
6999,8,0
618,2,7
7204,4,7
5955,5,0
6643,1,1
6214,5,2
6568,2,3
5951,0,0
6273,1,1
5221,7,7
3597,6,6
4059,1,1
1514,0,0
1453,5,4
3226,8,8
5621,8,9
8438,1,1
5808,5,3
3529,6,6
4723,9,9
9787,8,0
5176,3,3
1170,7,5
3296,4,4
757,8,8
6721,7,7
6099,7,7
4226,0,8
6619,0,0
7674,1,1
1955,2,7
5869,7,2
1256,9,8
8782,5,5
1286,8,8
3978,2,3
7791,6,6
9524,4,4
7282,1,1
3688,5,3
5963,9,9
5173,0,0
1768,2,0
5084,3,3
8470,8,8
3471,1,1
8576,2,0
1528,2,2
653,6,4
428,0,6
2449,4,5
6315,6,5
4121,5,3
6562,5,5
2108,4,5
7293,7,7
3231,3,3
1429,6,3
3057,6,6
2646,3,3
1001,0,0
7407,9,9
2139,8,8
6929,5,5
9866,1,1
6449,8,8
3713,2,2
2076,3,3
4665,3,3
2495,9,8
1989,6,4
2846,6,1
4021,9,9
5393,4,6
6403,4,4
1242,8,1
8865,7,7
3074,1,1
2388,0,0
2112,1,1
9580,1,1
7289,0,2
5019,1,1
8239,8,8
9367,9,9
9483,0,1
8116,9,9
2041,0,0
8377,8,8
7017,1,9
9758,6,6
7117,6,6
9334,7,9
8363,2,7
2316,5,2
4133,2,2
4976,5,5
4965,3,2
5662,8,8
2085,0,0
1149,7,9
9930,8,9
1546,4,4
2705,8,0
4234,2,2
2599,6,0
3128,9,9
4197,4,4
7007,9,9
9092,6,2
7218,9,8
47,9,9
9293,7,7
2814,1,9
6608,5,2
7558,2,2
7208,1,1
239,5,3
6702,8,8
8477,5,5
6243,4,4
4814,3,6
1315,4,0
4396,9,9
7257,0,8
4155,3,3
1906,9,3
9128,4,4
2696,2,7
8125,8,1
722,8,8
3652,2,2
2180,4,4
6149,7,7
3258,0,0
5241,4,6
6291,9,9
3378,4,4
8195,8,8
8592,0,0
8501,8,0
7491,9,9
2288,5,4
470,3,5
2956,0,0
3286,6,6
9634,1,1
3490,0,8
7339,6,6
3308,7,7
5356,7,7
7354,0,0
8889,4,4
2656,9,9
6733,5,5
9023,8,8
8907,1,1
3038,3,3
2697,0,0
645,1,1
1334,3,3
843,2,2
3185,2,6
4122,6,6
60,7,7
3403,8,8
1389,5,4
6788,1,1
9768,7,7
5081,5,5
8221,7,7
8121,0,0
4807,8,8
8061,0,0
120,8,0
8181,3,3
2468,0,0
7285,1,1
5841,6,6
9150,6,6
2571,9,9
252,9,9
2325,7,5
3431,4,4
7658,7,7
4487,3,5
175,9,9
9116,4,4
5145,4,4
186,6,6
2535,0,6
7182,0,8
5952,9,9
9766,0,0
9450,6,3
4803,7,1
1050,3,7
2244,9,9
490,1,1
7330,5,5
6857,2,5
2204,9,9
1027,0,0
2121,6,6
8625,5,5
5190,0,0
8037,1,1
3194,3,3
2666,6,6
6713,2,5
5487,6,2
741,7,7
7907,6,3
3596,2,4
6244,8,8
4950,2,2
1467,1,1
2949,3,3
5149,6,6
2939,2,2
5807,6,6
2877,0,0
7070,7,4
3604,2,2
8277,4,7
4653,2,2
3590,7,7
8411,8,8
5016,6,4
6544,0,0
1292,4,6
3026,5,7
3668,2,2
3621,4,0
8396,3,3
6675,2,2
8009,5,6
3078,8,8
3439,4,5
1655,8,8
2772,6,4
7315,0,0
6169,5,5
7900,0,1
582,8,8
3410,4,4
2242,2,3
9574,4,4
9991,0,0
7041,4,0
3613,5,5
6272,2,3
8206,7,7
295,4,4
4192,0,9
3160,6,2
4333,7,7
3087,0,0
7489,3,3
7122,9,9
3527,1,1
434,3,9
8638,0,0
7916,4,2
7587,7,7
8657,6,3
133,9,9
8916,6,6
4222,8,8
9551,5,2
933,2,3
8107,1,1
2149,6,6
8368,6,6
6994,3,3
625,9,9
4740,5,3
1527,5,7
9206,8,0
7981,5,5
8981,7,4
5144,0,0
2950,1,1
6277,2,4
3429,0,0
7975,2,2
6938,3,6
4535,2,6
5590,4,4
1883,3,4
6455,6,6
6172,1,1
1020,1,1
9463,9,1
6294,0,0
5296,4,4
2377,6,4
5200,3,5
6232,2,2
4073,6,6
6689,8,8
4257,6,6
6445,1,1
1659,8,8
4491,2,2
6560,6,4
1925,1,1
9065,0,0
3667,5,5
2728,2,5
903,5,5
4648,6,6
3234,3,3
4795,5,3
2418,8,8
6007,6,6
36,4,4
5004,4,4
2834,4,4
2333,6,6
3804,5,5
5754,3,5
6528,5,9
8010,2,5
7388,7,7
5228,3,3
5902,9,1
5459,5,3
4037,0,0
867,7,5
1364,4,4
8135,7,5
3384,7,7
3436,4,4
6812,0,9
8701,8,8
2019,9,9
553,5,3
8223,8,8
4789,9,9
8275,3,5
2507,0,0
3580,4,4
3505,4,5
7755,7,7
938,9,9
5646,4,0
6570,9,1
5313,3,0
9757,7,7
9050,5,3
6566,1,9
1135,6,3
6199,5,5
6059,9,9
9518,9,1
8776,5,5
7749,1,1
9782,2,6
6153,4,7
2312,2,6
2113,0,0
6258,0,0
8848,3,3
9895,4,4
157,9,9
5109,9,9
8383,2,4
2270,2,4
1493,1,1
7634,1,1
9117,9,9
6465,3,5
7183,6,5
4633,1,1
235,0,0
8284,2,2
9621,6,2
820,6,9
6046,2,2
5417,4,3
9967,3,3
1388,5,5
4306,3,3
7139,0,0
9732,9,9
8060,6,6
9410,5,5
3844,2,2
549,5,3
1794,3,3
7937,1,1
6662,6,6
1156,1,1
720,4,9
1173,3,3
6079,3,3
5547,2,0
6907,6,6
8820,2,0
3103,6,2
608,3,3
8465,9,1
9383,9,9
7430,2,2
9227,1,9
6667,7,7
9083,8,1
1610,2,4
6905,2,4
9519,9,9
2616,1,1
6434,0,8
4095,8,9
8692,5,3
4941,6,6
208,7,7
4249,4,3
3614,3,3
4163,2,6
7556,2,5
3407,1,1
1157,7,1
8740,2,2
4689,1,1
7620,5,1
4908,6,4
6083,2,4
6084,1,1
2624,8,1
5435,7,7
5939,9,1
7681,0,0
7379,7,7
1297,2,0
2321,2,5
7115,0,0
7765,8,8
8985,9,0
8164,6,6
6956,6,6
812,7,7
4651,8,8
1464,1,1
8860,2,2
8472,2,2
1223,8,0
9859,6,7
6185,5,5
6989,7,7
7813,3,0
455,4,5
8029,7,7
4305,0,0
3220,3,9
978,1,1
6411,8,8
7810,6,6
3808,5,5
2659,2,3
632,6,6
9438,7,7
6952,8,0
2341,0,0
4678,9,8
6878,5,5
3728,2,3
3678,1,1
732,7,7
2900,3,5
7093,2,2
2839,2,2
1399,2,0
7458,2,5
7954,9,1
462,1,1
8522,1,1
2203,6,2
7274,1,1
8716,2,2
1047,1,1
9011,2,2
1736,5,5
2957,8,3
8380,9,9
975,0,0
4274,1,1
1993,3,4
8957,7,9
3028,1,1
4649,8,8
2438,1,1
2838,1,1
2529,3,3
63,3,1
3388,6,6
3524,5,4
6545,9,0
3062,9,9
7012,7,7
7225,1,1
5894,7,3
1195,6,6
7855,2,5
3138,8,8
6825,3,3
4654,7,7
1643,9,9
5027,0,0
5071,1,8
1786,1,9
5714,2,2
4666,0,0
3599,7,7
5962,6,9
9542,1,9
6246,4,4
2170,2,2
8899,4,4
5712,2,4
3455,6,3
4498,8,8
2788,7,6
2231,3,3
1075,8,8
818,8,8
6758,8,8
3858,8,0
2389,6,6
2084,7,7
3663,1,1
9228,3,3
9171,2,5
4974,7,7
9560,9,9
667,0,0
5848,4,7
2071,9,9
6407,2,2
3085,2,6
1988,5,5
461,6,6
8378,5,3
951,9,9
4430,1,1
6626,2,2
5397,9,8
2057,5,5
9689,9,9
4153,0,0
4936,3,2
834,5,4
4302,2,3
6420,7,5
5384,6,6
4334,3,7
1497,8,8
7884,9,1
2663,7,9
4632,5,7
6960,9,9
5585,0,2
1939,6,2
436,2,6
6107,9,9
5053,7,5
8218,9,9
5368,3,5
1580,6,5
7034,0,0
3903,0,0
4045,7,7
8800,0,0
5260,0,0
5047,5,5
8880,1,1
3622,5,3
4007,6,6
11,9,9
2739,2,2
3973,9,9
4096,8,8
1481,2,2
1896,9,9
9677,6,6
9415,0,1
937,5,5
5191,3,3
1965,0,0
570,6,6
1780,7,0
308,1,1
3449,1,1
1158,1,1
924,5,7
1623,2,4
6781,3,6
7348,2,2
4708,3,3
2601,1,1
4449,9,1
6159,1,1
5695,7,7
4259,5,5
7366,2,0
3789,9,9
1491,4,6
9380,5,5
1680,6,6
4313,0,3
841,0,0
9501,6,0
2465,9,9
329,6,6
9000,8,8
3906,3,2
2988,5,3
5687,2,2
985,8,8
4129,1,1
4269,0,0
921,9,9
4143,5,5
2253,3,5
4401,1,1
3485,1,1
2311,7,4
2981,4,7
7774,0,0
9315,7,7
4512,8,0
8325,8,0
1607,3,9
389,5,5
2243,3,3
9133,9,9
8861,4,6
2408,2,2
9873,2,9
4196,8,8
8679,8,8
8371,2,2
6737,8,9
9158,8,9
983,4,4
318,5,5
7760,2,0
3494,0,9
1951,7,7
2357,1,1
2234,7,9
7640,9,9
1471,8,8
2289,1,1
5285,1,1
1859,2,5
6779,8,9
8633,3,2
1116,5,3
6501,2,7
9191,3,3
4184,4,4
7565,1,1
348,8,8
9492,9,9
600,8,8
3736,3,3
6255,6,6
4539,8,8
7676,2,2
7316,1,1
3248,0,0
7544,0,0
5626,0,0
1229,1,1
9874,2,2
1089,6,6
5825,3,3
5571,0,0
6889,5,5
8422,2,2
2176,1,1
3967,4,4
5636,4,4
5651,4,4
1040,7,5
8791,6,6
4889,4,7
5400,9,9
2669,6,6
3376,5,5
7672,6,6
1008,9,9
2598,3,3
4982,3,5
9356,0,0
4352,3,3
3920,7,5
424,2,2
1403,6,2
9333,0,0
8873,5,5
1694,0,0
1164,8,8
5624,1,1
1410,1,1
4405,6,6
1764,5,5
3820,0,0
5361,3,9
5877,9,9
328,4,9
8416,6,2
9944,7,7
8506,9,9
4785,3,3
1837,9,9
1122,8,8
9695,0,0
6897,9,9
7152,6,6
3830,5,3
1224,7,4
7360,2,7
7161,5,5
3438,9,9
2557,2,2
9741,5,5
1773,5,5
4051,5,5
907,6,6
9446,5,3
4710,3,3
2379,0,8
6973,3,5
115,3,9
6868,9,0
8200,3,7
1548,5,3
458,4,6
7841,6,2
1866,8,8
9528,0,8
2687,8,8
6628,4,7
4731,4,5
3105,1,1
4775,2,2
1968,8,8
2841,2,2
6569,8,8
2770,7,2
2967,7,7
9279,8,8
7960,0,0
865,1,1
6514,3,2
3999,9,1
9573,2,5
6607,7,7
7062,4,2
9284,7,7
9705,6,4
76,9,0
3082,7,3
5186,5,5
443,9,9
2151,5,0
3841,9,9
7039,4,4
1900,8,8
4672,6,6
9486,4,4
2359,2,4
7414,8,0
1372,1,1
3676,9,1
357,2,3
7551,6,4
8843,8,2
5409,1,1
7831,2,4
5030,4,4
2591,8,8
2165,2,0
3120,4,2
1621,1,1
7572,1,1
9999,7,7
2534,9,9
5104,8,8
219,2,7
9336,3,5
1486,7,7
9702,7,7
873,2,2
9148,3,5
5937,1,1
8855,4,3
1624,4,4
6483,6,6
5224,0,0
4435,3,3
375,7,7
9778,3,5
9251,6,9
5780,7,7
5411,2,6
5297,6,6
7682,8,8
119,7,5
7763,4,3
2265,8,8
1882,1,1
6854,0,0
9377,4,4
5864,9,1
2729,5,3
8252,2,2
1418,6,2
8118,4,8
2421,8,8
4070,9,9
7040,7,0
9821,4,4
5583,0,0
932,3,3
185,8,8
3009,7,7
9433,3,3
9804,5,4
8473,2,0
7310,3,3
6065,5,2
4152,5,1
7833,8,8
5234,7,7
7223,7,7
6015,0,8
4350,4,4
9952,5,5
1323,0,0
3454,2,2
7546,7,7
5742,4,6
4407,3,3
5971,1,1
3546,5,5
1006,1,1
2543,3,5
4327,1,1
6306,0,0
2060,5,5
559,2,2
302,3,7
5056,1,1
7592,9,9
3051,8,0
4642,2,4
558,3,3
6875,5,5
4788,6,4
6806,1,1
3178,5,5
8194,1,1
9030,2,0
3069,4,3
3493,0,2
3687,9,9
1321,2,3
4074,2,2
2082,2,2
3243,8,8
6521,4,4
7035,1,9
6399,1,1
9860,0,2
9658,9,9
3495,2,2
4502,7,7
911,3,3
5910,2,5
8812,0,0
8232,2,5
3024,0,0
7123,6,6
2743,9,9
1461,0,0
7688,8,8
2489,3,2
7904,1,1
102,6,9
6204,4,7
2256,4,4
3914,4,4
9327,2,3
3564,9,0
8251,3,6
3588,6,6
4620,7,5
2867,7,7
7741,5,5
5446,6,3
7004,3,2
1645,4,4
3146,2,2
8405,0,2
2163,7,7
4947,5,3
2596,9,9
103,3,6
3740,0,0
2904,7,7
1407,8,8
724,8,8
9981,4,7
378,0,8
7111,5,5
6684,8,1
4161,6,6
7708,2,4
3398,2,2
2681,0,2
3788,7,7
2611,4,6
4637,3,3
4061,5,5
4902,4,4
3772,1,8
1267,4,7
8964,0,8
5033,3,3
406,0,0
8054,9,9
8526,3,5
2689,5,5
1436,6,2
1884,7,2
5851,1,1
9966,6,6
7554,7,5
254,4,2
4093,3,6
580,4,4
8103,7,7
9760,9,9
1767,2,2
212,5,3
6245,6,5
5850,6,2
7196,0,0
3576,4,4
8600,3,3
986,3,5
3297,4,5
6021,3,3
4842,2,0
363,1,1
2039,8,8
3845,0,0
3065,3,3
1734,9,1
6961,8,8
9656,0,0
2544,2,2
7203,5,7
1641,6,6
1059,8,8
3962,4,7
4979,9,9
6723,5,7
5339,0,0
715,3,3
9480,2,2
696,8,1
2255,1,8
540,1,1
9399,7,7
6390,7,7
1205,8,0
9896,4,6
3272,7,7
2335,5,5
4262,4,6
4379,1,1
889,4,6
4546,2,0
142,6,6
88,8,9
2145,7,4
5577,2,2
9308,3,3
8245,3,5
710,6,3
334,6,6
5595,6,4
2236,5,5
4948,1,1
7819,1,1
5512,9,9
9885,8,8
6138,3,2
8267,0,8
5215,2,1
1574,0,0
4949,1,1
7513,0,9
6069,0,0
1617,0,0
7709,3,4
9149,7,1
1619,4,4
5436,6,6
5352,5,3
2369,1,1
9681,2,5
3878,5,0
2824,7,7
5351,7,3
1700,5,5
8153,4,0
2322,0,2
7908,9,9
808,7,7
6118,0,0
6213,3,6
2864,5,5
3066,1,1
784,7,7
3288,9,9
4619,9,9
5893,9,9
3647,1,1
1981,3,0
9698,7,7
4525,0,0
8573,6,0
4883,2,5
3877,4,4
9614,6,6
6802,4,7
3456,3,3
1510,8,8
1457,1,1
5440,9,9
579,5,5
5061,1,5
1934,7,0
5233,1,9
7945,6,4
5117,7,5
1043,2,0
5844,0,0
7500,6,6
2077,0,0
4926,7,9
2874,8,8
813,2,2
6532,5,5
1698,5,5
5640,2,5
8817,4,9
3481,7,7
6438,4,4
930,4,4
9414,5,3
6679,2,4
7105,3,3
7925,0,0
4150,6,6
2608,4,4
6467,3,3
6661,4,4
7475,3,3
1644,2,6
8355,9,9
1702,9,1
3907,2,7
5031,4,0
2488,6,6
4688,7,7
6223,7,7
1052,0,8
4465,6,4
6851,0,0
1017,6,6
1187,1,1
7239,4,4
9779,2,2
6571,5,5
432,3,3
6218,9,1
6638,1,1
2644,8,8
8065,9,9
4090,4,4
7952,3,0
5450,5,3
5589,2,2
6313,9,9
960,9,9
5419,2,6
8320,7,9
6849,4,5
1015,4,4
9558,0,0
9214,9,9
5783,1,1
8859,2,4
1240,2,6
2538,5,4
5801,9,1
2144,3,2
1009,6,6
4220,4,0
859,8,8
4514,9,9
8339,8,8
193,1,1
849,4,4
3615,6,7
7378,3,5
759,1,1
4140,5,3
5897,4,4
9986,8,0
4518,9,9
6807,7,7
9289,5,5
9953,7,7
5785,2,2
6699,2,2
4944,8,8
3367,7,7
8552,6,6
8645,1,1
4929,9,1
898,3,5
7687,6,2
557,4,3
9535,1,9
4481,9,1
2005,5,5
4020,8,8
2001,5,5
7345,6,6
9710,7,5
8841,2,0
3408,2,4
6953,0,0
3724,6,3
9259,7,7
1218,8,8
2643,3,5
3025,2,6
9938,9,9
4592,7,7
7977,8,8
9124,0,0
346,4,7
453,3,3
4566,8,1
6658,6,6
7573,1,9
8662,3,3
3335,0,9
9854,9,9
4043,3,3
2122,0,0
1360,7,7
9299,9,9
4517,8,0
5996,4,2
1723,2,5
4038,0,1
4440,2,4
6011,7,5
3539,3,8
5537,2,3
4675,4,8
5660,9,9
6663,0,0
6526,8,8
3725,2,2
6098,6,6
1813,3,2
4189,1,1
1864,7,9
2241,0,0
8214,1,1
2376,7,0
1729,8,8
5195,4,4
6130,1,1
1626,9,9
8758,9,9
9121,3,3
6513,5,5
1890,6,6
8945,1,1
3142,5,5
3862,4,9
6705,3,2
6221,0,0
3161,9,9
7059,4,4
6653,0,2
8772,1,1
3964,9,9
4387,0,2
9770,4,4
9633,0,2
6650,0,0
4709,8,0
4489,7,7
8492,0,9
7350,9,9
7862,1,1
8724,6,6
8578,2,5
2736,8,1
8924,2,2
7457,2,4
2018,3,6
270,2,5
3400,6,4
2511,8,1
1312,6,2
2545,4,8
6431,1,1
9597,4,2
444,5,5
8838,8,8
619,1,1
6143,9,9
6900,3,9
1556,8,8
9032,9,9
1024,3,3
7963,7,7
7205,6,6
495,8,8
6852,9,9
9172,0,0
4467,3,3
3983,7,7
9071,7,3
6829,8,8
5648,8,2
1163,3,5
876,4,4
5014,7,7
4784,0,8
9972,4,4
2711,5,5
3851,4,4
5122,6,6
5453,2,9
5920,8,8
9646,5,7
8334,6,6
7794,5,3
1002,8,4
309,6,4
4376,7,2
3723,1,9
1466,7,7
2378,1,1
189,0,8
8699,4,3
2226,2,6
9281,3,2
9822,0,0
885,0,0
2496,9,9
4603,6,4
4094,3,5
8944,4,1
4516,1,1
2995,4,4
7509,3,7
899,5,5
9576,3,5
575,6,6
182,2,2
1265,9,9
5691,2,2
767,0,9
8602,8,0
631,5,2
4448,4,6
5789,2,5
5231,4,7
7470,9,9
7184,5,5
3819,3,9
2542,2,8
5160,0,0
8656,7,7
5307,1,1
3528,1,9
9706,9,9
9954,0,0
7398,5,3
2235,2,2
9291,8,8
5755,4,4
6708,2,2
541,7,7
4285,1,3
9598,9,9
3172,9,0
5525,3,0
4103,8,0
7284,0,0
7497,3,5
4914,3,3
5637,7,7
7474,5,5
7444,9,1
7805,9,9
2290,9,9
9106,6,6
7001,1,1
4614,3,5
977,8,8
5924,4,7
5608,9,9
925,5,3
7391,4,4
3075,6,9
5726,1,1
2078,2,4
8798,6,6
3264,5,0
9846,8,8
8946,9,9
5542,9,9
3382,2,7
4202,0,2
8458,5,5
2033,2,2
7241,5,3
4905,7,7
1450,2,2
6736,4,3
5074,0,8
1102,8,8
2564,2,2
8184,6,2
8215,1,1
2837,8,8
5192,9,1
2054,3,5
4761,9,9
1796,0,8
5957,4,0
686,9,9
39,5,5
8543,0,0
7675,8,8
640,5,3
5111,6,1
1827,4,4
5890,3,2
8915,9,9
5055,0,0
5534,6,2
9440,8,8
1999,5,3
2813,1,1
589,9,9
7540,5,5
8373,8,8
5775,7,7
1199,9,1
2296,9,9
9738,6,6
6066,2,3
2661,3,3
5980,9,9
6982,1,9
7845,2,2
5872,7,5
8100,6,6
1184,6,6
3499,0,0
255,0,0
9027,5,5
1348,2,3
6882,9,9
174,9,9
6128,0,0
6253,5,7
4752,1,1
1987,9,1
4343,5,5
7477,0,0
8474,4,4
1871,3,3
7174,3,3
2452,2,4
1602,7,2
4909,0,0
6987,8,8
5354,0,8
6446,4,2
6401,4,7
3827,4,4
7008,1,1
3328,2,2
6924,5,5
1327,6,6
164,8,0
9177,9,9
1985,6,2
9572,8,8
5883,6,6
7743,3,9
9046,0,9
1308,5,7
1817,6,6
7996,7,7
6140,9,9
3935,4,7
1620,5,8
7314,3,6
1769,1,8
950,3,3
135,2,2
4069,5,5
5929,7,7
3015,6,6
5759,9,9
5201,1,1
2423,2,6
1899,7,7
9529,9,9
779,5,6
8614,8,8
1029,6,6
7373,0,0
9894,1,0
2127,2,7
6899,2,2
6884,0,0
6969,2,0
4248,3,3
1926,0,0
3197,6,6
6519,2,2
4781,7,5
2713,8,8
6838,1,1
2513,2,2
1917,8,8
6892,6,6
6886,1,1
381,9,1
5988,9,9
2665,1,1
4673,0,0
7494,2,2
5194,7,7
2177,9,9
7578,9,9
5347,1,1
8295,3,0
4242,8,0
3491,3,5
7495,7,7
4475,1,1
520,5,5
5392,0,0
5037,0,0
8908,9,9
6614,5,7
8062,2,2
7481,4,4
6378,5,5
6943,4,4
7317,6,6
3372,1,1
5699,4,4
531,0,8
3954,5,5
6344,5,5
2533,8,3
680,9,1
4429,2,2
2519,4,5
4720,8,8
4682,3,5
9004,7,7
2397,5,3
4250,1,1
5610,8,0
5516,0,0
4296,8,8
8268,5,7
9270,9,9
282,6,6
9100,9,1
8690,8,8
8156,0,3
5892,8,8
5600,6,6
535,6,6
5413,3,5
6596,3,3
4913,1,1
5063,9,1
7296,8,8
7582,5,3
3744,4,7
3432,5,5
4852,9,0
8514,7,2
8213,6,6
2865,6,6
5553,5,5
8026,0,0
6338,7,5
525,5,5
7102,0,0
7646,2,2
1601,9,9
361,5,5
4846,8,8
9201,3,3
8163,0,0
320,3,3
588,8,8
9312,9,9
9478,7,7
7716,5,7
4477,6,3
3893,9,9
8008,0,0
6767,1,1
4734,4,4
1311,8,8
5493,3,5
5805,1,1
4336,9,9
4828,4,4
2277,5,5
807,4,4
8583,8,8
8217,9,9
4816,6,6
9040,2,5
5021,0,0
5425,6,6
5782,7,7
3043,4,4
8796,9,9
3018,5,5
8788,5,3
4432,7,7
7369,5,5
2896,8,8
8318,2,2
9084,5,3
9749,0,0
8032,1,1
773,4,3
5543,0,0
5365,8,8
1492,9,1
4931,9,8
404,8,8
2634,1,9
6903,9,9
1439,9,1
2461,0,0
2287,2,2
5973,6,6
8738,4,4
2884,6,6
3825,0,0
744,9,2
5121,6,6
2615,7,7
3971,0,0
1137,0,9
5072,6,6
4736,1,1
6085,2,6
3433,4,7
3173,9,9
8152,8,8
5486,3,3
4827,9,9
5935,6,6
3836,7,7
736,1,1
7984,8,0
6645,6,6
8510,7,7
7453,0,9
5536,6,6
5333,7,7
5488,9,9
8849,9,9
9637,5,1
9497,3,6
3811,7,7
6020,6,6
1502,2,2
2101,6,6
4468,9,9
225,9,9
697,2,2
2638,4,4
4772,6,6
6983,9,1
6331,0,0
823,8,8
4438,2,3
1241,0,8
6186,9,9
7405,7,7
2069,4,4
6328,0,0
7547,9,9
7259,4,4
7778,0,2
8553,7,9
791,0,0
5432,9,9
8952,3,6
6582,4,4
513,1,1
3712,4,4
3950,8,8
323,3,7
7321,2,4
234,8,8
5622,1,1
2480,8,8
7127,5,5
7542,8,9
1405,1,9
7988,6,6
5205,8,8
2717,0,0
1715,3,3
